speaker_id,speaker_name,country,political_group_raw,national_party_raw
118859,Roberta METSOLA,http://publications.europa.eu/resource/authority/country/MLT,,
28298,Iratxe GARCÍA PÉREZ,http://publications.europa.eu/resource/authority/country/ESP,,
197781,Malik AZMANI,http://publications.europa.eu/resource/authority/country/NLD,,
103381,Terry REINTKE,http://publications.europa.eu/resource/authority/country/DEU,,
236051,Eric MINARDI,http://publications.europa.eu/resource/authority/country/FRA,,
197529,Leila CHAIBI,http://publications.europa.eu/resource/authority/country/FRA,,
24942,Ana MIRANDA PAZ,http://publications.europa.eu/resource/authority/country/ESP,,
197711,Dolors MONTSERRAT,http://publications.europa.eu/resource/authority/country/ESP,,
2341,Michael GAHLER,http://publications.europa.eu/resource/authority/country/DEU,,
197773,Bert-Jan RUISSEN,http://publications.europa.eu/resource/authority/country/NLD,,
197805,Silvia MODIG,http://publications.europa.eu/resource/authority/country/FIN,,
197628,Jean-Paul GARRAUD,http://publications.europa.eu/resource/authority/country/FRA,,
197771,Vladimír BILČÍK,http://publications.europa.eu/resource/authority/country/SVK,,
1927,Peter LIESE,http://publications.europa.eu/resource/authority/country/DEU,,
96725,Bas EICKHOUT,http://publications.europa.eu/resource/authority/country/NLD,,
124929,Ivan ŠTEFANEC,http://publications.europa.eu/resource/authority/country/SVK,,
197677,Günther SIDL,http://publications.europa.eu/resource/authority/country/AUT,,
197398,Pär HOLMGREN,http://publications.europa.eu/resource/authority/country/SWE,,
238639,Johan NISSINEN,http://publications.europa.eu/resource/authority/country/SWE,,
192635,Danilo Oscar LANCINI,http://publications.europa.eu/resource/authority/country/ITA,,
125023,Anja HAZEKAMP,http://publications.europa.eu/resource/authority/country/NLD,,
197408,Hildegard BENTELE,http://publications.europa.eu/resource/authority/country/DEU,,
197680,Aurélia BEIGNEUX,http://publications.europa.eu/resource/authority/country/FRA,,
197571,Nikolaj VILLUMSEN,http://publications.europa.eu/resource/authority/country/DNK,,
197473,Christian DOLESCHAL,http://publications.europa.eu/resource/authority/country/DEU,,
197731,Clare DALY,http://publications.europa.eu/resource/authority/country/IRL,,
36803,,,,
197770,Martin HOJSÍK,http://publications.europa.eu/resource/authority/country/SVK,,
96779,Danuta Maria HÜBNER,http://publications.europa.eu/resource/authority/country/POL,,
197767,Eugen JURZYCA,http://publications.europa.eu/resource/authority/country/SVK,,
88715,José GUSMÃO,http://publications.europa.eu/resource/authority/country/PRT,,
96830,Enikő GYŐRI,http://publications.europa.eu/resource/authority/country/HUN,,
125046,Jonás FERNÁNDEZ,http://publications.europa.eu/resource/authority/country/ESP,,
197839,Radan KANEV,http://publications.europa.eu/resource/authority/country/BGR,,
96998,Evelyn REGNER,http://publications.europa.eu/resource/authority/country/AUT,,
188945,Dennis RADTKE,http://publications.europa.eu/resource/authority/country/DEU,,
125021,Agnes JONGERIUS,http://publications.europa.eu/resource/authority/country/NLD,,
197663,Dragoş PÎSLARU,http://publications.europa.eu/resource/authority/country/ROU,,
197500,Mounir SATOURI,http://publications.europa.eu/resource/authority/country/FRA,,
197468,Özlem DEMIREL,http://publications.europa.eu/resource/authority/country/DEU,,
95074,Jeroen LENAERS,http://publications.europa.eu/resource/authority/country/NLD,,
197455,Cindy FRANSSEN,http://publications.europa.eu/resource/authority/country/BEL,,
96829,Ádám KÓSA,http://publications.europa.eu/resource/authority/country/HUN,,
197785,Eugenia RODRÍGUEZ PALOP,http://publications.europa.eu/resource/authority/country/ESP,,
29579,Marc TARABELLA,http://publications.europa.eu/resource/authority/country/BEL,,
198329,Estrella DURÁ FERRANDIS,http://publications.europa.eu/resource/authority/country/ESP,,
197817,Mick WALLACE,http://publications.europa.eu/resource/authority/country/IRL,,
124747,Pedro SILVA PEREIRA,http://publications.europa.eu/resource/authority/country/PRT,,
245018,Christophe CLERGEAU,http://publications.europa.eu/resource/authority/country/FRA,,
124844,Piernicola PEDICINI,http://publications.europa.eu/resource/authority/country/ITA,,
124738,Gilles LEBRETON,http://publications.europa.eu/resource/authority/country/FRA,,
23699,Kateřina KONEČNÁ,http://publications.europa.eu/resource/authority/country/CZE,,
124834,Martin SONNEBORN,http://publications.europa.eu/resource/authority/country/DEU,,
125065,Elissavet VOZEMBERG-VRIONIDI,http://publications.europa.eu/resource/authority/country/GRC,,
197889,Grace O'SULLIVAN,http://publications.europa.eu/resource/authority/country/IRL,,
197440,Delara BURKHARDT,http://publications.europa.eu/resource/authority/country/DEU,,
197446,Milan BRGLEZ,http://publications.europa.eu/resource/authority/country/SVN,,
58766,Nicolae ȘTEFĂNUȚĂ,http://publications.europa.eu/resource/authority/country/ROU,,
236052,Patricia CHAGNON,http://publications.europa.eu/resource/authority/country/FRA,,
88882,Victor NEGRESCU,http://publications.europa.eu/resource/authority/country/ROU,,
124802,Siegfried MUREŞAN,http://publications.europa.eu/resource/authority/country/ROU,,
197820,Nicola PROCACCINI,http://publications.europa.eu/resource/authority/country/ITA,,
204334,Vincenzo SOFO,http://publications.europa.eu/resource/authority/country/ITA,,
28266,Sophia IN 'T VELD,http://publications.europa.eu/resource/authority/country/NLD,,
197670,Andreas SCHIEDER,http://publications.europa.eu/resource/authority/country/AUT,,
197692,Stelios KYMPOUROPOULOS,http://publications.europa.eu/resource/authority/country/GRC,,
197528,Ondřej KNOTEK,http://publications.europa.eu/resource/authority/country/CZE,,
28340,Patrizia TOIA,http://publications.europa.eu/resource/authority/country/ITA,,
125064,Maria SPYRAKI,http://publications.europa.eu/resource/authority/country/GRC,,
197657,Tudor CIUHODARU,http://publications.europa.eu/resource/authority/country/ROU,,
28294,Ljudmila NOVAK,http://publications.europa.eu/resource/authority/country/SVN,,
124735,Miapetra KUMPULA-NATRI,http://publications.europa.eu/resource/authority/country/FIN,,
197800,Eero HEINÄLUOMA,http://publications.europa.eu/resource/authority/country/FIN,,
197445,Moritz KÖRNER,http://publications.europa.eu/resource/authority/country/DEU,,
96868,Karima DELLI,http://publications.europa.eu/resource/authority/country/FRA,,
204420,Claude GRUFFAT,http://publications.europa.eu/resource/authority/country/FRA,,
197634,Pedro MARQUES,http://publications.europa.eu/resource/authority/country/PRT,,
197464,Hannah NEUMANN,http://publications.europa.eu/resource/authority/country/DEU,,
187917,Marc BOTENGA,http://publications.europa.eu/resource/authority/country/BEL,,
197734,Lefteris NIKOLAOU-ALAVANOS,http://publications.europa.eu/resource/authority/country/GRC,,
228604,Ilan DE BASSO,http://publications.europa.eu/resource/authority/country/SWE,,
197435,Gabriele BISCHOFF,http://publications.europa.eu/resource/authority/country/DEU,,
190713,Lukas MANDL,http://publications.europa.eu/resource/authority/country/AUT,,
197870,Kim VAN SPARRENTAK,http://publications.europa.eu/resource/authority/country/NLD,,
197792,Daniela RONDINELLI,http://publications.europa.eu/resource/authority/country/ITA,,
197403,Alex AGIUS SALIBA,http://publications.europa.eu/resource/authority/country/MLT,,
124866,Ilhan KYUCHYUK,http://publications.europa.eu/resource/authority/country/BGR,,
229352,Malte GALLÉE,http://publications.europa.eu/resource/authority/country/DEU,,
218349,Michiel HOOGEVEEN,http://publications.europa.eu/resource/authority/country/NLD,,
197668,Vlad-Marius BOTOŞ,http://publications.europa.eu/resource/authority/country/ROU,,
96648,Philippe LAMBERTS,http://publications.europa.eu/resource/authority/country/BEL,,
5729,Kathleen VAN BREMPT,http://publications.europa.eu/resource/authority/country/BEL,,
197470,Saskia BRICMONT,http://publications.europa.eu/resource/authority/country/BEL,,
197520,Izabela-Helena KLOC,http://publications.europa.eu/resource/authority/country/POL,,
202352,Antoni COMÍN I OLIVERES,http://publications.europa.eu/resource/authority/country/ESP,,
197402,Tomas TOBÉ,http://publications.europa.eu/resource/authority/country/SWE,,
197413,Karlo RESSLER,http://publications.europa.eu/resource/authority/country/HRV,,
28150,Kinga GÁL,http://publications.europa.eu/resource/authority/country/HUN,,
4246,Othmar KARAS,http://publications.europa.eu/resource/authority/country/AUT,,
28353,Anna FOTYGA,http://publications.europa.eu/resource/authority/country/POL,,
197843,Andrius KUBILIUS,http://publications.europa.eu/resource/authority/country/LTU,,
197497,Sven MIKSER,http://publications.europa.eu/resource/authority/country/EST,,
125214,Bronis ROPĖ,http://publications.europa.eu/resource/authority/country/LTU,,
197537,Alexandr VONDRA,http://publications.europa.eu/resource/authority/country/CZE,,
124891,Zdzisław KRASNODĘBSKI,http://publications.europa.eu/resource/authority/country/POL,,
251198,,,,
197523,Łukasz KOHUT,http://publications.europa.eu/resource/authority/country/POL,,
112748,Biljana BORZAN,http://publications.europa.eu/resource/authority/country/HRV,,
103213,,,,
204419,Sandro GOZI,http://publications.europa.eu/resource/authority/country/ITA,,
197503,David CORMAND,http://publications.europa.eu/resource/authority/country/FRA,,
124875,Anders VISTISEN,http://publications.europa.eu/resource/authority/country/DNK,,
197527,Anne-Sophie PELLETIER,http://publications.europa.eu/resource/authority/country/FRA,,
28223,Andreas SCHWAB,http://publications.europa.eu/resource/authority/country/DEU,,
37312,Christel SCHALDEMOSE,http://publications.europa.eu/resource/authority/country/DNK,,
23788,Adam BIELAN,http://publications.europa.eu/resource/authority/country/POL,,
229839,René REPASI,http://publications.europa.eu/resource/authority/country/DEU,,
197635,Maria-Manuel LEITÃO-MARQUES,http://publications.europa.eu/resource/authority/country/PRT,,
247735,Laura BALLARÍN CEREZA,http://publications.europa.eu/resource/authority/country/ESP,,
204416,Ilana CICUREL,http://publications.europa.eu/resource/authority/country/FRA,,
197438,Mislav KOLAKUŠIĆ,http://publications.europa.eu/resource/authority/country/HRV,,
197652,Angelika WINZIG,http://publications.europa.eu/resource/authority/country/AUT,,
96812,Juan Fernando LÓPEZ AGUILAR,http://publications.europa.eu/resource/authority/country/ESP,,
221463,Ladislav ILČIĆ,http://publications.europa.eu/resource/authority/country/HRV,,
23868,Monika BEŇOVÁ,http://publications.europa.eu/resource/authority/country/SVK,,
197514,Andrzej HALICKI,http://publications.europa.eu/resource/authority/country/POL,,
124713,Tomáš ZDECHOVSKÝ,http://publications.europa.eu/resource/authority/country/CZE,,
204336,Miriam LEXMANN,http://publications.europa.eu/resource/authority/country/SVK,,
185974,Jordi SOLÉ,http://publications.europa.eu/resource/authority/country/ESP,,
123562,Charlie WEIMERS,http://publications.europa.eu/resource/authority/country/SWE,,
197557,Christophe GRUDLER,http://publications.europa.eu/resource/authority/country/FRA,,
136236,João PIMENTA LOPES,http://publications.europa.eu/resource/authority/country/PRT,,
96820,Marisa MATIAS,http://publications.europa.eu/resource/authority/country/PRT,,
197494,Nathalie LOISEAU,http://publications.europa.eu/resource/authority/country/FRA,,
197533,Manon AUBRY,http://publications.europa.eu/resource/authority/country/FRA,,
130833,Stelios KOULOGLOU,http://publications.europa.eu/resource/authority/country/GRC,,
39921,,,,
2054,Heidi HAUTALA,http://publications.europa.eu/resource/authority/country/FIN,,
204335,Alviina ALAMETSÄ,http://publications.europa.eu/resource/authority/country/FIN,,
244571,Nikos PAPANDREOU,http://publications.europa.eu/resource/authority/country/GRC,,
197430,Engin EROGLU,http://publications.europa.eu/resource/authority/country/DEU,,
197623,Thierry MARIANI,http://publications.europa.eu/resource/authority/country/FRA,,
197827,Idoia VILLANUEVA RUIZ,http://publications.europa.eu/resource/authority/country/ESP,,
185341,Željana ZOVKO,http://publications.europa.eu/resource/authority/country/HRV,,
124846,Pina PICIERNO,http://publications.europa.eu/resource/authority/country/ITA,,
202073,Marc ANGEL,http://publications.europa.eu/resource/authority/country/LUX,,
197627,Virginie JORON,http://publications.europa.eu/resource/authority/country/FRA,,
124704,Stanislav POLČÁK,http://publications.europa.eu/resource/authority/country/CZE,,
193292,Tilly METZ,http://publications.europa.eu/resource/authority/country/LUX,,
28297,Jacek SARYUSZ-WOLSKI,http://publications.europa.eu/resource/authority/country/POL,,
127096,Domènec RUIZ DEVESA,http://publications.europa.eu/resource/authority/country/ESP,,
201946,,,,
101039,Paolo BORCHIA,http://publications.europa.eu/resource/authority/country/ITA,,
124821,Nicola DANTI,http://publications.europa.eu/resource/authority/country/ITA,,
96810,Carlo FIDANZA,http://publications.europa.eu/resource/authority/country/ITA,,
197804,Dino GIARRUSSO,http://publications.europa.eu/resource/authority/country/ITA,,
197395,Alice KUHNKE,http://publications.europa.eu/resource/authority/country/SWE,,
28615,Roberts ZĪLE,http://publications.europa.eu/resource/authority/country/LVA,,
28390,Pilar DEL CASTILLO VERA,http://publications.europa.eu/resource/authority/country/ESP,,
96936,Gabriel MATO,http://publications.europa.eu/resource/authority/country/ESP,,
197779,José Ramón BAUZÁ DÍAZ,http://publications.europa.eu/resource/authority/country/ESP,,
197778,Tom BERENDSEN,http://publications.europa.eu/resource/authority/country/NLD,,
37324,Adina VĂLEAN,http://publications.europa.eu/resource/authority/country/ROU,,
99424,,,,
4289,Angelika NIEBLER,http://publications.europa.eu/resource/authority/country/DEU,,
204400,Adrián VÁZQUEZ LÁZARA,http://publications.europa.eu/resource/authority/country/ESP,,
190518,Jörg MEUTHEN,http://publications.europa.eu/resource/authority/country/DEU,,
96899,José Manuel FERNANDES,http://publications.europa.eu/resource/authority/country/PRT,,
124726,Henna VIRKKUNEN,http://publications.europa.eu/resource/authority/country/FIN,,
125063,Georgios KYRTSOS,http://publications.europa.eu/resource/authority/country/GRC,,
197764,Miroslav RADAČOVSKÝ,http://publications.europa.eu/resource/authority/country/SVK,,
124833,Laura FERRARA,http://publications.europa.eu/resource/authority/country/ITA,,
96934,Sandra KALNIETE,http://publications.europa.eu/resource/authority/country/LVA,,
124812,Fabio Massimo CASTALDO,http://publications.europa.eu/resource/authority/country/ITA,,
124586,Balázs HIDVÉGHI,http://publications.europa.eu/resource/authority/country/HUN,,
197581,Stéphanie YON-COURTIN,http://publications.europa.eu/resource/authority/country/FRA,,
197406,Arba KOKALARI,http://publications.europa.eu/resource/authority/country/SWE,,
239260,Denis NESCI,http://publications.europa.eu/resource/authority/country/ITA,,
197401,Karin KARLSBRO,http://publications.europa.eu/resource/authority/country/SWE,,
240478,Beatrice COVASSI,http://publications.europa.eu/resource/authority/country/ITA,,
28372,Ryszard CZARNECKI,http://publications.europa.eu/resource/authority/country/POL,,
197709,Robert ROOS,http://publications.europa.eu/resource/authority/country/NLD,,
96653,Katarína ROTH NEVEĎALOVÁ,http://publications.europa.eu/resource/authority/country/SVK,,
1892,Carlos COELHO,http://publications.europa.eu/resource/authority/country/PRT,,
197728,Mónica Silvana GONZÁLEZ,http://publications.europa.eu/resource/authority/country/ESP,,
197483,Sylvia LIMMER,http://publications.europa.eu/resource/authority/country/DEU,,
197552,Veronika VRECIONOVÁ,http://publications.europa.eu/resource/authority/country/CZE,,
4267,Udo BULLMANN,http://publications.europa.eu/resource/authority/country/DEU,,
197400,Abir AL-SAHLANI,http://publications.europa.eu/resource/authority/country/SWE,,
28161,Margrete AUKEN,http://publications.europa.eu/resource/authority/country/DNK,,
197542,Janina OCHOJSKA,http://publications.europa.eu/resource/authority/country/POL,,
197650,Isabel SANTOS,http://publications.europa.eu/resource/authority/country/PRT,,
197868,Samira RAFAELA,http://publications.europa.eu/resource/authority/country/NLD,,
124867,Brando BENIFEI,http://publications.europa.eu/resource/authority/country/ITA,,
183338,Jakop G. DALUNDE,http://publications.europa.eu/resource/authority/country/SWE,,
197654,Ciarán CUFFE,http://publications.europa.eu/resource/authority/country/IRL,,
197460,Sergey LAGODINSKY,http://publications.europa.eu/resource/authority/country/DEU,,
197417,Tomislav SOKOL,http://publications.europa.eu/resource/authority/country/HRV,,
124936,Maria ARENA,http://publications.europa.eu/resource/authority/country/BEL,,
124861,Caterina CHINNICI,http://publications.europa.eu/resource/authority/country/ITA,,
197589,Laurence FARRENG,http://publications.europa.eu/resource/authority/country/FRA,,
28619,Tatjana ŽDANOKA,http://publications.europa.eu/resource/authority/country/LVA,,
197444,Svenja HAHN,http://publications.europa.eu/resource/authority/country/DEU,,
197722,Nacho SÁNCHEZ AMOR,http://publications.europa.eu/resource/authority/country/ESP,,
237779,Carina OHLSSON,http://publications.europa.eu/resource/authority/country/SWE,,
197841,Liudas MAŽYLIS,http://publications.europa.eu/resource/authority/country/LTU,,
124700,Jana TOOM,http://publications.europa.eu/resource/authority/country/EST,,
134605,Ramona STRUGARIU,http://publications.europa.eu/resource/authority/country/ROU,,
198490,Emmanouil FRAGKOS,http://publications.europa.eu/resource/authority/country/GRC,,
125706,Jiří POSPÍŠIL,http://publications.europa.eu/resource/authority/country/CZE,,
121194,,,,
96772,Peter JAHR,http://publications.europa.eu/resource/authority/country/DEU,,
96646,Helmut SCHOLZ,http://publications.europa.eu/resource/authority/country/DEU,,
96903,Paulo RANGEL,http://publications.europa.eu/resource/authority/country/PRT,,
124828,Fulvio MARTUSCIELLO,http://publications.europa.eu/resource/authority/country/ITA,,
124835,Rosa D'AMATO,http://publications.europa.eu/resource/authority/country/ITA,,
124777,Tiziana BEGHIN,http://publications.europa.eu/resource/authority/country/ITA,,
183916,Alexandra GEESE,http://publications.europa.eu/resource/authority/country/DEU,,
230085,Camilla LAURETI,http://publications.europa.eu/resource/authority/country/ITA,,
197702,Lina GÁLVEZ,http://publications.europa.eu/resource/authority/country/ESP,,
96668,Seán KELLY,http://publications.europa.eu/resource/authority/country/IRL,,
131507,Miguel URBÁN CRESPO,http://publications.europa.eu/resource/authority/country/ESP,,
197405,Jörgen WARBORN,http://publications.europa.eu/resource/authority/country/SWE,,
239759,,,,
197458,Benoît LUTGEN,http://publications.europa.eu/resource/authority/country/BEL,,
130100,Hilde VAUTMANS,http://publications.europa.eu/resource/authority/country/BEL,,
124973,Gerolf ANNEMANS,http://publications.europa.eu/resource/authority/country/BEL,,
124760,Nicolas BAY,http://publications.europa.eu/resource/authority/country/FRA,,
124784,Dan NICA,http://publications.europa.eu/resource/authority/country/ROU,,
197638,Margarida MARQUES,http://publications.europa.eu/resource/authority/country/PRT,,
124766,Petras AUŠTREVIČIUS,http://publications.europa.eu/resource/authority/country/LTU,,
197451,Viola VON CRAMON-TAUBADEL,http://publications.europa.eu/resource/authority/country/DEU,,
112744,Tonino PICULA,http://publications.europa.eu/resource/authority/country/HRV,,
197802,Ville NIINISTÖ,http://publications.europa.eu/resource/authority/country/FIN,,
197507,Włodzimierz CIMOSZEWICZ,http://publications.europa.eu/resource/authority/country/POL,,
204449,Riho TERRAS,http://publications.europa.eu/resource/authority/country/EST,,
197838,Juozas OLEKAS,http://publications.europa.eu/resource/authority/country/LTU,,
27714,Edina TÓTH,http://publications.europa.eu/resource/authority/country/HUN,,
126644,Jordi CAÑAS,http://publications.europa.eu/resource/authority/country/ESP,,
204332,Barry ANDREWS,http://publications.europa.eu/resource/authority/country/IRL,,
28224,Markus PIEPER,http://publications.europa.eu/resource/authority/country/DEU,,
125093,Kostas PAPADAKIS,http://publications.europa.eu/resource/authority/country/GRC,,
197392,Evin INCIR,http://publications.europa.eu/resource/authority/country/SWE,,
124739,Carlos ZORRINHO,http://publications.europa.eu/resource/authority/country/PRT,,
197489,Bernhard ZIMNIOK,http://publications.europa.eu/resource/authority/country/DEU,,
197414,Loucas FOURLAS,http://publications.europa.eu/resource/authority/country/CYP,,
233862,Matjaž NEMEC,http://publications.europa.eu/resource/authority/country/SVN,,
125042,Javi LÓPEZ,http://publications.europa.eu/resource/authority/country/ESP,,
197935,Ivan Vilibor SINČIĆ,http://publications.europa.eu/resource/authority/country/HRV,,
124712,Andrea BOCSKOR,http://publications.europa.eu/resource/authority/country/HUN,,
197672,Eugen TOMAC,http://publications.europa.eu/resource/authority/country/ROU,,
124691,Costas MAVRIDES,http://publications.europa.eu/resource/authority/country/CYP,,
124884,Kosma ZŁOTOWSKI,http://publications.europa.eu/resource/authority/country/POL,,
204733,Dorien ROOKMAKER,http://publications.europa.eu/resource/authority/country/NLD,,
250918,François THIOLLET,http://publications.europa.eu/resource/authority/country/FRA,,
125038,Maite PAGAZAURTUNDÚA,http://publications.europa.eu/resource/authority/country/ESP,,
132191,Gunnar BECK,http://publications.europa.eu/resource/authority/country/DEU,,
840,Charles GOERENS,http://publications.europa.eu/resource/authority/country/LUX,,
197462,Erik MARQUARDT,http://publications.europa.eu/resource/authority/country/DEU,,
197578,Silvia SARDONE,http://publications.europa.eu/resource/authority/country/ITA,,
96922,Izaskun BILBAO BARANDICA,http://publications.europa.eu/resource/authority/country/ESP,,
197831,Hermann TERTSCH,http://publications.europa.eu/resource/authority/country/ESP,,
197777,Leopoldo LÓPEZ GIL,http://publications.europa.eu/resource/authority/country/ESP,,
28347,Javier MORENO SÁNCHEZ,http://publications.europa.eu/resource/authority/country/ESP,,
197467,Geert BOURGEOIS,http://publications.europa.eu/resource/authority/country/BEL,,
135511,Valérie HAYER,http://publications.europa.eu/resource/authority/country/FRA,,
208722,Sara MATTHIEU,http://publications.europa.eu/resource/authority/country/BEL,,
185771,Tom VANDENDRIESSCHE,http://publications.europa.eu/resource/authority/country/BEL,,
129164,Tom VANDENKENDELAERE,http://publications.europa.eu/resource/authority/country/BEL,,
197493,Jaak MADISON,http://publications.europa.eu/resource/authority/country/EST,,
197763,Milan UHRÍK,http://publications.europa.eu/resource/authority/country/SVK,,
197840,Rasa JUKNEVIČIENĖ,http://publications.europa.eu/resource/authority/country/LTU,,
97058,Guy VERHOFSTADT,http://publications.europa.eu/resource/authority/country/BEL,,
124785,Maria GRAPINI,http://publications.europa.eu/resource/authority/country/ROU,,
197538,Beata MAZUREK,http://publications.europa.eu/resource/authority/country/POL,,
86793,Anna CAVAZZINI,http://publications.europa.eu/resource/authority/country/DEU,,
96808,Pablo ARIAS ECHEVERRÍA,http://publications.europa.eu/resource/authority/country/ESP,,
197526,Martin HLAVÁČEK,http://publications.europa.eu/resource/authority/country/CZE,,
202036,Sunčana GLAVAK,http://publications.europa.eu/resource/authority/country/HRV,,
96780,Monika HOHLMEIER,http://publications.europa.eu/resource/authority/country/DEU,,
106936,Daniel FREUND,http://publications.europa.eu/resource/authority/country/DEU,,
124985,Luke Ming FLANAGAN,http://publications.europa.eu/resource/authority/country/IRL,,
197742,Isabel GARCÍA MUÑOZ,http://publications.europa.eu/resource/authority/country/ESP,,
124771,Dominique BILDE,http://publications.europa.eu/resource/authority/country/FRA,,
197595,Anna Júlia DONÁTH,http://publications.europa.eu/resource/authority/country/HUN,,
197584,Sándor RÓNAI,http://publications.europa.eu/resource/authority/country/HUN,,
28399,Antonio LÓPEZ-ISTÚRIZ WHITE,http://publications.europa.eu/resource/authority/country/ESP,,
197619,Sabrina PIGNEDOLI,http://publications.europa.eu/resource/authority/country/ITA,,
197695,Anna-Michelle ASIMAKOPOULOU,http://publications.europa.eu/resource/authority/country/GRC,,
197511,Salima YENBOU,http://publications.europa.eu/resource/authority/country/FRA,,
197818,Billy KELLEHER,http://publications.europa.eu/resource/authority/country/IRL,,
239271,Eleni STAVROU,http://publications.europa.eu/resource/authority/country/CYP,,
197662,Vangelis MEIMARAKIS,http://publications.europa.eu/resource/authority/country/GRC,,
213330,Ernő SCHALLER-BAROSS,http://publications.europa.eu/resource/authority/country/HUN,,
197626,Hervé JUVIN,http://publications.europa.eu/resource/authority/country/FRA,,
190464,Thomas WAITZ,http://publications.europa.eu/resource/authority/country/AUT,,
197836,Alexander ALEXANDROV YORDANOV,http://publications.europa.eu/resource/authority/country/BGR,,
129073,Urmas PAET,http://publications.europa.eu/resource/authority/country/EST,,
197687,Philippe OLIVIER,http://publications.europa.eu/resource/authority/country/FRA,,
197719,Cristina MAESTRE,http://publications.europa.eu/resource/authority/country/ESP,,
197519,Beata KEMPA,http://publications.europa.eu/resource/authority/country/POL,,
28346,Mercedes BRESSO,http://publications.europa.eu/resource/authority/country/ITA,,
234344,Max ORVILLE,http://publications.europa.eu/resource/authority/country/FRA,,
96750,François ALFONSI,http://publications.europa.eu/resource/authority/country/FRA,,
247737,Ana COLLADO JIMÉNEZ,http://publications.europa.eu/resource/authority/country/ESP,,
197765,Peter POLLÁK,http://publications.europa.eu/resource/authority/country/SVK,,
237465,Matthias ECKE,http://publications.europa.eu/resource/authority/country/DEU,,
237224,João ALBUQUERQUE,http://publications.europa.eu/resource/authority/country/PRT,,
197828,Manu PINEDA,http://publications.europa.eu/resource/authority/country/ESP,,
197580,Isabella TOVAGLIERI,http://publications.europa.eu/resource/authority/country/ITA,,
37656,,,,
28586,Dimitrios PAPADIMOULIS,http://publications.europa.eu/resource/authority/country/GRC,,
28288,Jan OLBRYCHT,http://publications.europa.eu/resource/authority/country/POL,,
197496,Marek BELKA,http://publications.europa.eu/resource/authority/country/POL,,
197448,Rasmus ANDRESEN,http://publications.europa.eu/resource/authority/country/DEU,,
96991,Eider GARDIAZABAL RUBIAL,http://publications.europa.eu/resource/authority/country/ESP,,
197772,Tineke STRIK,http://publications.europa.eu/resource/authority/country/NLD,,
124715,György HÖLVÉNYI,http://publications.europa.eu/resource/authority/country/HUN,,
197433,Katarina BARLEY,http://publications.europa.eu/resource/authority/country/DEU,,
197588,Katalin CSEH,http://publications.europa.eu/resource/authority/country/HUN,,
218347,Thijs REUTEN,http://publications.europa.eu/resource/authority/country/NLD,,
197452,Klemen GROŠELJ,http://publications.europa.eu/resource/authority/country/SVN,,
96787,Herbert DORFMANN,http://publications.europa.eu/resource/authority/country/ITA,,
125045,Clara AGUILERA,http://publications.europa.eu/resource/authority/country/ESP,,
185619,Tiemo WÖLKEN,http://publications.europa.eu/resource/authority/country/DEU,,
197848,Atidzhe ALIEVA-VELI,http://publications.europa.eu/resource/authority/country/BGR,,
197754,Sandra PEREIRA,http://publications.europa.eu/resource/authority/country/PRT,,
199996,Isabel CARVALHAIS,http://publications.europa.eu/resource/authority/country/PRT,,
197498,Robert BIEDROŃ,http://publications.europa.eu/resource/authority/country/POL,,
197516,Patryk JAKI,http://publications.europa.eu/resource/authority/country/POL,,
197415,Niyazi KIZILYÜREK,http://publications.europa.eu/resource/authority/country/CYP,,
197556,Ivan DAVID,http://publications.europa.eu/resource/authority/country/CZE,,
38511,Georg MAYER,http://publications.europa.eu/resource/authority/country/AUT,,
197786,Susanna CECCARDI,http://publications.europa.eu/resource/authority/country/ITA,,
197829,Jorge BUXADÉ VILLALBA,http://publications.europa.eu/resource/authority/country/ESP,,
204421,Jean-Lin LACAPELLE,http://publications.europa.eu/resource/authority/country/FRA,,
209091,Cyrus ENGERER,http://publications.europa.eu/resource/authority/country/MLT,,
197701,Konstantinos ARVANITIS,http://publications.europa.eu/resource/authority/country/GRC,,
23816,András GYÜRK,http://publications.europa.eu/resource/authority/country/HUN,,
197718,Nicolás GONZÁLEZ CASARES,http://publications.europa.eu/resource/authority/country/ESP,,
125004,Franc BOGOVIČ,http://publications.europa.eu/resource/authority/country/SVN,,
204414,Margarita DE LA PISA CARRIÓN,http://publications.europa.eu/resource/authority/country/ESP,,
28141,Lívia JÁRÓKA,http://publications.europa.eu/resource/authority/country/HUN,,
197391,Heléne FRITZON,http://publications.europa.eu/resource/authority/country/SWE,,
205452,Chris MACMANUS,http://publications.europa.eu/resource/authority/country/IRL,,
197795,Mario FURORE,http://publications.europa.eu/resource/authority/country/ITA,,
197582,Gianna GANCIA,http://publications.europa.eu/resource/authority/country/ITA,,
96681,Vilija BLINKEVIČIŪTĖ,http://publications.europa.eu/resource/authority/country/LTU,,
243979,Francesca PEPPUCCI,http://publications.europa.eu/resource/authority/country/ITA,,
197549,Markéta GREGOROVÁ,http://publications.europa.eu/resource/authority/country/CZE,,
197459,Pierrette HERZBERGER-FOFANA,http://publications.europa.eu/resource/authority/country/DEU,,
124780,Marco ZANNI,http://publications.europa.eu/resource/authority/country/ITA,,
131580,Jordan BARDELLA,http://publications.europa.eu/resource/authority/country/FRA,,
2323,Rainer WIELAND,http://publications.europa.eu/resource/authority/country/DEU,,
124992,Malin BJÖRK,http://publications.europa.eu/resource/authority/country/SWE,,
239258,Maria Angela DANZÌ,http://publications.europa.eu/resource/authority/country/ITA,,
38398,Esther DE LANGE,http://publications.europa.eu/resource/authority/country/NLD,,
197506,Caroline ROOSE,http://publications.europa.eu/resource/authority/country/BEL,,
197449,Michael BLOSS,http://publications.europa.eu/resource/authority/country/DEU,,
197544,Elżbieta RAFALSKA,http://publications.europa.eu/resource/authority/country/POL,,
197419,Valter FLEGO,http://publications.europa.eu/resource/authority/country/HRV,,
197721,César LUENA,http://publications.europa.eu/resource/authority/country/ESP,,
96852,Cornelia ERNST,http://publications.europa.eu/resource/authority/country/DEU,,
197518,Krzysztof JURGIEL,http://publications.europa.eu/resource/authority/country/POL,,
239256,Paola GHIDONI,http://publications.europa.eu/resource/authority/country/ITA,,
198096,Mazaly AGUILAR,http://publications.europa.eu/resource/authority/country/ESP,,
197572,Anna ZALEWSKA,http://publications.europa.eu/resource/authority/country/POL,,
23784,Janusz WOJCIECHOWSKI,http://publications.europa.eu/resource/authority/country/POL,,
197699,Elena KOUNTOURA,http://publications.europa.eu/resource/authority/country/GRC,,
249603,Martine KEMP,http://publications.europa.eu/resource/authority/country/LUX,,
197849,Andrey SLABAKOV,http://publications.europa.eu/resource/authority/country/BGR,,
96952,Sylvie GUILLAUME,http://publications.europa.eu/resource/authority/country/FRA,,
250235,Witold PAHL,http://publications.europa.eu/resource/authority/country/POL,,
197531,Gwendoline DELBOS-CORFIELD,http://publications.europa.eu/resource/authority/country/FRA,,
197447,Irena JOVEVA,http://publications.europa.eu/resource/authority/country/SVN,,
197743,Petros KOKKALIS,http://publications.europa.eu/resource/authority/country/GRC,,
197525,Ewa KOPACZ,http://publications.europa.eu/resource/authority/country/POL,,
101585,Niels FUGLSANG,http://publications.europa.eu/resource/authority/country/DNK,,
197845,Tsvetelina PENKOVA,http://publications.europa.eu/resource/authority/country/BGR,,
124831,Isabella ADINOLFI,http://publications.europa.eu/resource/authority/country/ITA,,
122978,Alicia HOMS GINEL,http://publications.europa.eu/resource/authority/country/ESP,,
237320,Eva-Maria Alexandrova POPTCHEVA,http://publications.europa.eu/resource/authority/country/BGR,,
4344,María Soraya RODRÍGUEZ RAMOS,http://publications.europa.eu/resource/authority/country/ESP,,
197682,Hannes HEIDE,http://publications.europa.eu/resource/authority/country/AUT,,
197618,Elisabetta GUALMINI,http://publications.europa.eu/resource/authority/country/ITA,,
198063,Márton GYÖNGYÖSI,http://publications.europa.eu/resource/authority/country/HUN,,
96932,Birgit SIPPEL,http://publications.europa.eu/resource/authority/country/DEU,,
197534,François-Xavier BELLAMY,http://publications.europa.eu/resource/authority/country/FRA,,
197427,Marlene MORTLER,http://publications.europa.eu/resource/authority/country/DEU,,
96761,Axel VOSS,http://publications.europa.eu/resource/authority/country/DEU,,
197863,Maria WALSH,http://publications.europa.eu/resource/authority/country/IRL,,
197738,Lídia PEREIRA,http://publications.europa.eu/resource/authority/country/PRT,,
197782,Mohammed CHAHIM,http://publications.europa.eu/resource/authority/country/NLD,,
125012,Daniel BUDA,http://publications.europa.eu/resource/authority/country/ROU,,
96891,Paolo DE CASTRO,http://publications.europa.eu/resource/authority/country/ITA,,
197545,Bogdan RZOŃCA,http://publications.europa.eu/resource/authority/country/POL,,
209140,Vlad GHEORGHE,http://publications.europa.eu/resource/authority/country/ROU,,
197490,Magdalena ADAMOWICZ,http://publications.europa.eu/resource/authority/country/POL,,
197472,Filip DE MAN,http://publications.europa.eu/resource/authority/country/BEL,,
197425,Ralf SEEKATZ,http://publications.europa.eu/resource/authority/country/DEU,,
124710,Michaela ŠOJDROVÁ,http://publications.europa.eu/resource/authority/country/CZE,,
204346,Dominik TARCZYŃSKI,http://publications.europa.eu/resource/authority/country/POL,,
124714,Andor DELI,http://publications.europa.eu/resource/authority/country/HUN,,
197515,Pernille WEISS-EHLER,http://publications.europa.eu/resource/authority/country/DNK,,
236050,Marie DAUCHY,http://publications.europa.eu/resource/authority/country/FRA,,
236053,Marina MESURE,http://publications.europa.eu/resource/authority/country/FRA,,
243912,Maria Veronica ROSSI,http://publications.europa.eu/resource/authority/country/ITA,,
197461,Katrin LANGENSIEPEN,http://publications.europa.eu/resource/authority/country/DEU,,
28229,Manfred WEBER,http://publications.europa.eu/resource/authority/country/DEU,,
197553,Beata SZYDŁO,http://publications.europa.eu/resource/authority/country/POL,,
124877,Jadwiga WIŚNIEWSKA,http://publications.europa.eu/resource/authority/country/POL,,
197421,Isabel WISELER-LIMA,http://publications.europa.eu/resource/authority/country/LUX,,
96933,Milan ZVER,http://publications.europa.eu/resource/authority/country/SVN,,
197717,Ibán GARCÍA DEL BLANCO,http://publications.europa.eu/resource/authority/country/ESP,,
28226,Christian EHLER,http://publications.europa.eu/resource/authority/country/DEU,,
197390,Sara SKYTTEDAL,http://publications.europa.eu/resource/authority/country/SWE,,
197679,Isabel BENJUMEA BENJUMEA,http://publications.europa.eu/resource/authority/country/ESP,,
124862,Ulrike MÜLLER,http://publications.europa.eu/resource/authority/country/DEU,,
197512,Benoît BITEAU,http://publications.europa.eu/resource/authority/country/FRA,,
197475,Christine ANDERSON,http://publications.europa.eu/resource/authority/country/DEU,,
191693,Elsi KATAINEN,http://publications.europa.eu/resource/authority/country/FIN,,
197631,Dacian CIOLOŞ,http://publications.europa.eu/resource/authority/country/ROU,,
24594,Anne SANDER,http://publications.europa.eu/resource/authority/country/FRA,,
22858,Fabienne KELLER,http://publications.europa.eu/resource/authority/country/FRA,,
197546,Marcel KOLAJA,http://publications.europa.eu/resource/authority/country/CZE,,
124872,Morten PETERSEN,http://publications.europa.eu/resource/authority/country/DNK,,
96867,Maria da Graça CARVALHO,http://publications.europa.eu/resource/authority/country/PRT,,
182995,Annika BRUNA,http://publications.europa.eu/resource/authority/country/FRA,,
197522,Radka MAXOVÁ,http://publications.europa.eu/resource/authority/country/CZE,,
125001,Harald VILIMSKY,http://publications.europa.eu/resource/authority/country/AUT,,
112611,Petri SARVAMAA,http://publications.europa.eu/resource/authority/country/FIN,,
197439,Damian BOESELAGER,http://publications.europa.eu/resource/authority/country/DEU,,
96826,Tamás DEUTSCH,http://publications.europa.eu/resource/authority/country/HUN,,
129237,,,,
125106,Johan VAN OVERTVELDT,http://publications.europa.eu/resource/authority/country/BEL,,
197502,Marie-Pierre VEDRENNE,http://publications.europa.eu/resource/authority/country/FRA,,
197418,Monica SEMEDO,http://publications.europa.eu/resource/authority/country/LUX,,
197505,Catherine CHABAUD,http://publications.europa.eu/resource/authority/country/FRA,,
124808,Norbert LINS,http://publications.europa.eu/resource/authority/country/DEU,,
197621,Juan Ignacio ZOIDO ÁLVAREZ,http://publications.europa.eu/resource/authority/country/ESP,,
197558,Asger CHRISTENSEN,http://publications.europa.eu/resource/authority/country/DNK,,
197432,Jan-Christoph OETJEN,http://publications.europa.eu/resource/authority/country/DEU,,
249285,Lydie MASSARD,http://publications.europa.eu/resource/authority/country/FRA,,
204443,Clara PONSATÍ OBIOLS,http://publications.europa.eu/resource/authority/country/ESP,,
197822,Francesca DONATO,http://publications.europa.eu/resource/authority/country/ITA,,
197596,Teuvo HAKKARAINEN,http://publications.europa.eu/resource/authority/country/FIN,,
40599,Sirpa PIETIKÄINEN,http://publications.europa.eu/resource/authority/country/FIN,,
125068,Emmanouil KEFALOGIANNIS,http://publications.europa.eu/resource/authority/country/GRC,,
97968,Andrey KOVATCHEV,http://publications.europa.eu/resource/authority/country/BGR,,
197629,Maxette PIRBAKAS,http://publications.europa.eu/resource/authority/country/FRA,,
197769,Michal WIEZIK,http://publications.europa.eu/resource/authority/country/SVK,,
228286,Karsten LUCKE,http://publications.europa.eu/resource/authority/country/DEU,,
124988,Deirdre CLUNE,http://publications.europa.eu/resource/authority/country/IRL,,
96734,Ska KELLER,http://publications.europa.eu/resource/authority/country/DEU,,
114268,Nils TORVALDS,http://publications.europa.eu/resource/authority/country/FIN,,
197585,Pierre KARLESKIND,http://publications.europa.eu/resource/authority/country/FRA,,
197412,Niclas HERBST,http://publications.europa.eu/resource/authority/country/DEU,,
197641,Sara CERDAS,http://publications.europa.eu/resource/authority/country/PRT,,
201945,Virginijus SINKEVIČIUS,http://publications.europa.eu/resource/authority/country/LTU,,
28400,Francisco José MILLÁN MON,http://publications.europa.eu/resource/authority/country/ESP,,
197651,Carmen AVRAM,http://publications.europa.eu/resource/authority/country/ROU,,
197616,Rosanna CONTE,http://publications.europa.eu/resource/authority/country/ITA,,
209896,Colm MARKEY,http://publications.europa.eu/resource/authority/country/IRL,,
197441,Predrag Fred MATIĆ,http://publications.europa.eu/resource/authority/country/HRV,,
124734,Cláudia MONTEIRO DE AGUIAR,http://publications.europa.eu/resource/authority/country/PRT,,
189065,France JAMET,http://publications.europa.eu/resource/authority/country/FRA,,
124708,Dita CHARANZOVÁ,http://publications.europa.eu/resource/authority/country/CZE,,
197482,Joachim KUHS,http://publications.europa.eu/resource/authority/country/DEU,,
124873,Angel DZHAMBAZKI,http://publications.europa.eu/resource/authority/country/BGR,,
124856,Ignazio CORRAO,http://publications.europa.eu/resource/authority/country/ITA,,
197495,Marek Paweł BALT,http://publications.europa.eu/resource/authority/country/POL,,
197645,Francisco GUERREIRO,http://publications.europa.eu/resource/authority/country/PRT,,
197808,Pietro BARTOLO,http://publications.europa.eu/resource/authority/country/ITA,,
35016,Marco CAMPOMENOSI,http://publications.europa.eu/resource/authority/country/ITA,,
247709,Anja HAGA,http://publications.europa.eu/resource/authority/country/NLD,,
201944,,,,
251967,,,,
28115,Mairead MCGUINNESS,http://publications.europa.eu/resource/authority/country/IRL,,
197563,Mauri PEKKARINEN,http://publications.europa.eu/resource/authority/country/FIN,,
197457,Henrike HAHN,http://publications.europa.eu/resource/authority/country/DEU,,
24505,Emmanuel MAUREL,http://publications.europa.eu/resource/authority/country/FRA,,
197649,Gheorghe FALCĂ,http://publications.europa.eu/resource/authority/country/ROU,,
4560,Antonius MANDERS,http://publications.europa.eu/resource/authority/country/NLD,,
1917,Markus FERBER,http://publications.europa.eu/resource/authority/country/DEU,,
23768,Bogusław LIBERADZKI,http://publications.europa.eu/resource/authority/country/POL,,
197844,Petar VITANOV,http://publications.europa.eu/resource/authority/country/BGR,,
197608,Gianantonio DA RE,http://publications.europa.eu/resource/authority/country/ITA,,
197846,Ivo HRISTOV,http://publications.europa.eu/resource/authority/country/BGR,,
96739,Reinhard BÜTIKOFER,http://publications.europa.eu/resource/authority/country/DEU,,
197607,Pietro FIOCCHI,http://publications.europa.eu/resource/authority/country/ITA,,
197539,Mikuláš PEKSA,http://publications.europa.eu/resource/authority/country/CZE,,
197624,Ivars IJABS,http://publications.europa.eu/resource/authority/country/LVA,,
197394,Josianne CUTAJAR,http://publications.europa.eu/resource/authority/country/MLT,,
198176,Roman HAIDER,http://publications.europa.eu/resource/authority/country/AUT,,
245858,Thomas RUDNER,http://publications.europa.eu/resource/authority/country/DEU,,
96801,Tomasz Piotr PORĘBA,http://publications.europa.eu/resource/authority/country/POL,,
197655,Cristian TERHEŞ,http://publications.europa.eu/resource/authority/country/ROU,,
