speech_event_id,doc_id,original_language,date,start_time,end_time,debate_title,text,source_url
eli/dl/event/MTG-PL-2024-01-15-OTH-10040000,CRE-9-2024-01-15-OTH-10040000,en,2024-01-15,2024-01-15T17:04:01.89+01:00,2024-01-15T17:04:15+01:00,Resumption of the session,"President . – ﻿ I declare resumed the session of the European Parliament adjourned on Thursday, 14 December 2023.",
eli/dl/event/MTG-PL-2024-01-15-OTH-10080000,CRE-9-2024-01-15-OTH-10080000,fr,2024-01-15,2024-01-15T17:04:38.575+01:00,2024-01-15T17:07:31+01:00,Commemoration of Jacques Delors,"La Présidente . – Colleagues, we are gathered here today to honour the life and extraordinary legacy of a great European. The President of the European Commission, Jacques Delors, passed away on 27 December 2023 at the age of 98. As an introduction to this commemoration, I invite you all to watch a short video about President Jacques Delors, the father of European integration.",
eli/dl/event/MTG-PL-2024-01-15-OTH-10120000,CRE-9-2024-01-15-OTH-10120000,en,2024-01-15,2024-01-15T17:16:26.301+01:00,2024-01-15T17:18:44+01:00,Commemoration of Jacques Delors,"Malik Azmani , on behalf of the Renew Groupl'architecte de l'Europe unie . Madam President, dear colleagues, my political family was deeply touched by the death of Jacques Delors. On behalf of the Renew Europe Group, I send my condolences to his family. Jacques Delors was a great European and one of the most important founding fathers of today's European Union. Like President Macron said, he was . Jacques Delors was a firm believer in a united Europe, in a Europe where our common future is key to the well-being of us all. He also advocated strongly for personal responsibility, a value close to the hearts of my Group. Europe is us. We need to continue Delors’ legacy. His vision ensured the free movement of people, goods and services within the European Union – a huge achievement. Building on his legacy means deepening the single market and completing it. The European Union has many successes, but the single market remains the biggest so far. Mr Delors also believed that Europe needed a soul and a human face. Today, people feel insecure and a loss of control. Europe must listen to their concerns and act upon it – on migration, on the economy. We honour its legacy by delivering solutions for European citizens. Jacques Delors said 'Europe is its people'. In this vital election year, may his truly European spirit guide us in the weeks and months to come. We thank you, Jack Delors. We will make you proud so that you can rest assured your legacy continues. May you rest in peace.",
eli/dl/event/MTG-PL-2024-01-15-OTH-10130000,CRE-9-2024-01-15-OTH-10130000,fr,2024-01-15,2024-01-15T17:18:48.523+01:00,2024-01-15T17:21:22+01:00,Commemoration of Jacques Delors,"Terry Reintke , on behalf of the Group Verts/ALE . Madam President, ladies and gentlemen, it is for a great builder of Europe that I am today delivering my first speech in French in this Chamber. Jacques Delors was a visionary politician and a convinced European. It has made it possible to build new steps towards a united Europe, a fairer and more democratic Europe. We live in a historic moment where the unity of Europe is under threat. Yet it is more essential than ever to meet the challenges of our time. We sometimes get the impression that in Berlin, but also in Paris or from other European capitals, there are only words about this unity. But it is in deeds, as Jacques Delors did, that we can build the Europe of tomorrow. I am sure that a strong and united Europe is today the best strategy for our security, and probably the only one that is sustainable, for the protection of our democracy, our fundamental rights or to deal with climate change. The ability to act together on these major projects is the great challenge of our time. By drawing inspiration from Jacques Delors' foresight and commitment, we can achieve this. Und lassen Sie mich noch auf Deutsch sagen: Ich bin jetzt seit zehn Jahren in diesem Parlament, und in der Europäischen Union scheint es mir immer so, dass Dinge unmöglich sind, bis sie dann irgendwann getan werden. Genauso hat Jacques Delors Politik gemacht. Genauso hat er die Europäische Union und den europäischen Integrationsprozess vorangebracht. Ich wünsche mir, dass genau das der Spirit ist, mit dem auch wir in den nächsten Monaten und nächsten Jahren in der Europäischen Union Politik machen werden. Thank you, Jacques Delors. Danke, Jacques Delors. Thank you very much. Rest in peace.",
eli/dl/event/MTG-PL-2024-01-15-OTH-10160000,CRE-9-2024-01-15-OTH-10160000,fr,2024-01-15,2024-01-15T17:23:34.918+01:00,2024-01-15T17:25:54+01:00,Commemoration of Jacques Delors,"Eric Minardi , on behalf of the Group ID of mortuis nil nisi bonum . Madam President, ladies and gentlemen, this Parliament too often forgets the roots of our European culture. The Roman genius, for example, left us this formula full of wisdom: , i.e. ‘dead, nothing but good’. Jacques Delors' dreams were not ours. Where he saw a liberated economy, we fear markets in danger. What he called the ""European project"" inevitably led to the erasure of nations. Finally, where he envisaged the smooth movement of Europeans with a Schengen, we alert on the perils of border reduction. These antagonisms are, however, tributes to a man who shaped the European Union. The European Union in which we live, whether we like it or criticise it, has been largely shaped by the one who was President of the Commission for ten years. Winner of the Charlemagne Prize, he was crowned by his peers who saluted in him the industrious worker of a new project. It is little to say that the French, whatever their political orientation, have the worst difficulties in the world to learn the grammar of the European institutions. We can all recognize that Jacques Delors assimilated language, codes and psychology with an acuity that forces admiration. Let us not forget that Jacques Delors, a young collaborator of Jacques Chaban-Delmas, worked on the project of the new company. He defended - and to his credit - the idea of a social Europe at the end of his European commitment. The coherence of a man, whatever his convictions, deserves the respect of those who fought him. Jacques Delors has left this world and therefore no longer belongs to the European arena. He joined the long cohort of French people who have marked the history of our continent. Loyalty to his memory is now imposed on all. The former trade unionist certainly asked us to ensure that none of our decisions forget those who languish under economic suffering. This will be the best way for his former opponents, like his many friends, to honor his memory.",
eli/dl/event/MTG-PL-2024-01-15-OTH-10170000,CRE-9-2024-01-15-OTH-10170000,fr,2024-01-15,2024-01-15T17:25:56.334+01:00,2024-01-15T17:28:12+01:00,Commemoration of Jacques Delors,"Leila Chaibi , on behalf of the Group The Left . Madam President, Commissioner, ladies and gentlemen, this moment of commemoration is an opportunity to look back on the decisions taken during the whole period when Jacques Delors chaired the European Commission between 1985 and 1995, because these decisions shape the architecture of today's Europe. Jacques Delors, like the great majority of the political leaders of the time, believed that the relaunch of European integration must go first and foremost through the deepening of market logics and that, of course, social was important, but that social harmonisation would naturally happen once allegiance was made to the dogma of competition. Instead of social Europe, we were entitled to a brutal Europe, a Europe that hurts: austerity, free trade, single act and single thought, Maastricht, ever more sacrosanct competition, relocations in turmoil. Experience has shown us that social has not arisen spontaneously from the market and that, if we want social in Europe, we need political will, we need concrete decisions in this area. But then, some, among the most fervent defenders of liberalism, panic as soon as they find themselves faced with a European text that could improve the lives of workers. They are also the same people who claim to be the heirs of Jacques Delors in the desire to relaunch a European construction and who stand in the way of texts that improve the lives of workers at European level. To put it clearly, I rage to hear leaders like Emmanuel Macron position himself on the national scene as a great defender of a Europe that protects and at the same time to see this same Emmanuel Macron, here, at the European level, working hard to bring down a directive that should give some rights to platform workers, all in order not to offend Uber's interests. In a few months the European elections will take place. Believe me, we are going to make sure that European citizens know that those who boast of being the most pro-Europe are actually those who are blocking advances that could improve the lives of millions of Europeans. To the most zealous defenders of European integration, I say: By taking up the dogmas of brutal Europe, you will achieve European destruction.",
eli/dl/event/MTG-PL-2024-01-15-OTH-10270000,CRE-9-2024-01-15-OTH-10270000,es,2024-01-15,2024-01-15T17:34:05.735+01:00,2024-01-15T17:34:38+01:00,Approval of the minutes of the previous sitting,"Dolors Montserrat ( PPE ). Madam President, Mrs Miranda, defending the sea and working in front of the pellets that reach the Spanish beaches is what the Xunta de Galicia does. What you are doing here today is political misery to scratch votes and to make electoralization of this crisis. This crisis falls to everyone, starting with the Government of Spain, which has to collect pellet sacks from the sea. Therefore, on Thursday we are going to debate that, because you want to electoralize and politicize this crisis that is everyone's responsibility.",
eli/dl/event/MTG-PL-2024-01-15-OTH-10330000,CRE-9-2024-01-15-OTH-10330000,en,2024-01-15,2024-01-15T17:36:09.827+01:00,2024-01-15T17:36:30+01:00,Request for waiver of immunity,President . – I have received a request from the competent authorities in Hungary for the parliamentary immunity of Anna Júlia Donáth to be waived. This request is referred to the Committee on Legal Affairs.,
eli/dl/event/MTG-PL-2024-01-15-OTH-10370000,CRE-9-2024-01-15-OTH-10370000,en,2024-01-15,2024-01-15T17:37:00.933+01:00,2024-01-15T17:37:37+01:00,Negotiations ahead of Parliament’s first reading (Rule 71),"President . – The ECON and EMPL committees have decided to enter into interinstitutional negotiations pursuant to Rule 71(1) of our Rules. The reports, which constitute the mandate for the negotiations, are available on the plenary web page, and their titles will be published in the minutes of the sitting. Pursuant to Rule 71(2), Members or political groups reaching at least the medium threshold may request in writing by tomorrow, 16 January at midnight, that the decisions be put to the vote. If no request for a vote in Parliament is made within the deadline, the committee may start the negotiations.",
eli/dl/event/MTG-PL-2024-01-15-OTH-10420000,CRE-9-2024-01-15-OTH-10420000,en,2024-01-15,2024-01-15T17:38:26.034+01:00,2024-01-15T17:38:57+01:00,Order of business,"Michael Gahler , on behalf of the PPE Group . Madam President, colleagues, we can follow the news of attacks on our merchant ships. That is a huge challenge to our trade relations and to the security in the region. It is – as we see the talk ongoing and the discussion in the Council and the Commission side to have an EU mission in this area – it is good to have an update from the Commission, and that is why we suggest to add this point to the agenda.",
eli/dl/event/MTG-PL-2024-01-15-OTH-10480000,CRE-9-2024-01-15-OTH-10480000,nl,2024-01-15,2024-01-15T17:43:03.354+01:00,2024-01-15T17:44:02+01:00,Order of business,"Bert-Jan Ruissen , on behalf of the ECR -Group . Mr President, last Christmas recess we were startled by reports of horrific attacks by extremists on Christian villages in Nigeria. Two hundred innocent villagers were killed and many hundreds seriously injured. Unfortunately, these attacks are not isolated. The region is increasingly confronted with extremist violence. No matter how you look at this situation, looking away from the ECR group is in any case not an option. The situation is too serious for that. We therefore propose that a statement by the Commission and the Council be put on the agenda on this subject with the title: “Recent attacks on Christian villages in Nigeria”. This is to reflect together on how we as Europe can contribute to stopping the violence there in the region.",
eli/dl/event/MTG-PL-2024-01-15-OTH-10500000,CRE-9-2024-01-15-OTH-10500000,en,2024-01-15,2024-01-15T17:44:09.705+01:00,2024-01-15T17:44:43+01:00,Order of business,"Michael Gahler ( PPE ). Madam President, yes, not to speak against, but looking at our agenda that we have got this week and that we have added already, I’m afraid that we are overloaded. We would agree to have a debate, but if we could have it in February – unfortunately, probably, the attacks will be ongoing, so it will not be a done deal by February. So if the ECR could agree to have it in February, in order not to overload this week’s agenda, then we could agree.",
eli/dl/event/MTG-PL-2024-01-15-OTH-10530000,CRE-9-2024-01-15-OTH-10530000,en,2024-01-15,2024-01-15T17:45:00.699+01:00,2024-01-15T17:47:03+01:00,Order of business,"President . – ﻿It’s just not to have it this week – so then we will take it when we prepare for the next session. For Wednesday, The Left Group has requested that a Commission statement on ‘Norway’s recent decision to advance seabed mining in the Arctic’ be added as the second item in the afternoon, after the topical debate. The debate would be wound up with a resolution and the session would be extended to 23.00. I give the floor to Silvia Modig to move the request on behalf of The Left Group.",
eli/dl/event/MTG-PL-2024-01-15-OTH-10580000,CRE-9-2024-01-15-OTH-10580000,en,2024-01-15,2024-01-15T17:47:03.519+01:00,2024-01-15T17:47:18+01:00,Order of business,"Silvia Modig , on behalf of The Left Group . Madam President, this is a topical issue this week as Norway has now made the decision. So I feel it’s important we have the debate this week. But in the spirit of compromise, maybe I could propose we have the debate this week and the resolution in February I?",
eli/dl/event/MTG-PL-2024-01-15-OTH-10630000,CRE-9-2024-01-15-OTH-10630000,en,2024-01-15,2024-01-15T17:51:15.698+01:00,2024-01-15T17:51:36+01:00,Order of business,"(Parliament rejected the ID Group’s proposal) President. – I understand there is a compromise title that would be supported by the EPP, S&D, Renew and the Greens Group, which I will read out: ‘Council and Commission statements on improving the socio-economic situation of farmers and rural areas, ensuring fair incomes, food security, as well as a just transition’. So I will put this compromise proposal to a vote by roll call. (Parliament approved the compromise proposal) Everybody wants that debate and agrees, except one person. For Wednesday, The Left and Renew groups have requested that Council and Commission statements on ‘the rule of law and media freedom in Greece’ be wound up with a resolution to be voted in the February part-session. I give the floor to Ms in ‘t Veld to move the request.",
eli/dl/event/MTG-PL-2024-01-15-OTH-10700000,CRE-9-2024-01-15-OTH-10700000,en,2024-01-15,2024-01-15T17:55:38.148+01:00,2024-01-15T17:56:11+01:00,Order of business,"Vladimír Bilčík ( PPE ). Madam President, we support the debate, but we would be keen to have a resolution only once the final OSCE/ODIHR report is published on the elections. So if we can have an agreement to have a resolution pending the publication of the OSCE/ODIHR report, this would be an overall agreement. We don’t have a date for the publication of the report, but it is going to be in the coming weeks. It may not be in time for the next plenary session, however, and this is why I’m requesting to have this agreement.",
eli/dl/event/MTG-PL-2024-01-15-OTH-10710000,CRE-9-2024-01-15-OTH-10710000,en,2024-01-15,2024-01-15T17:56:11.085+01:00,2024-01-15T17:57:03+01:00,Order of business,"President . – So we will first vote on the request by the S&D, Renew, Greens and The Left Group to have a debate. (Parliament approved the request) So the debate is in. But now we will check whether we will wind up the debate with a resolution at the next part-session. Do you still have that request, to the Greens Group? OK, so we vote on whether to have a resolution on this next part-session. (Parliament approved the request) Colleagues, the agenda is adopted and the order of business is thus established. Have a good week. (The sitting was suspended for a few moments)",
eli/dl/event/MTG-PL-2024-01-15-OTH-10770000,CRE-9-2024-01-15-OTH-10770000,de,2024-01-15,2024-01-15T18:00:00.03+01:00,2024-01-15T18:04:09+01:00,Ozone depleting substances - Fluorinated gases regulation (joint debate - Gas emissions),"Peter Liese , Deputy Rapporteur . Ladies and gentlemen, Mr President, Commissioner! Environmental and climate protection through modern technology and in cooperation with those affected – that is how I would overwrite the work we have done on the two reports before us. Today I represent the rapporteur, Jessica Polfjärd, and I would like to congratulate her on a report that has gone through the Committee on the Environment, the plenary and the trilogue without much controversy. Thanks to all those involved who helped. The Polfjärd report deals with ozone-destroying substances. We had a big problem with the ozone hole in the 80s. As a doctor, I know that skin cancer has increased very, very much due to the ozone hole. We now have the problem under very good control through an international agreement and the replacement of these substances that cause the ozone hole. There are still a few areas where these substances are still allowed: In medicine, for example. Here, the agreement provides for greater control and we want safe recovery and recovery of these substances. In the case of building materials, including the demolition of buildings, greater care must be taken to ensure that the substances do not enter the atmosphere. Leaks also need to be better controlled. I think that in both reports – and I will now say something about the F-gas report again – we have managed to support modern technology that can help us tackle environmental problems. F-gases are up to 25,000 times more harmful to the climate than CO2, which is why we have a construction site here. The F-gases regulation allows us to save as much CO2 – 40 million tonnes of CO2 equivalent – as Ireland, Portugal and Sweden emit annually or even a number of very, very many cars. This is already a very, very important step for climate protection. Many EU companies have the alternative natural refrigerants we need to further illustrate the function. And that's why this is also a good solution for large parts of the industry. We had a construction site: Following the decision of the Committee on the Environment, Public Health and Consumer Protection, the craft sector has rightly complained. I say it very clearly here: We must take the interests of the craft into consideration. Without craftsmanship, there is no energy transition. The problem was that we had a far too short transition period in the Environment Committee when it came to repairing equipment and spare parts, for example, or when it came to the question of when an existing device no longer works and F-gases have to be brought in to make it work again. A ban should be in place in 2024 – we are already in 2024. That is why I am very grateful that the plenary adopted the amendments - one tabled by the EPP together with the Renew and one tabled only by the EPP - on this subject, so that the craft sector has planning certainty and that existing installations do not become worthless. I believe that in the end this is a good result – climate and environmental protection with craftsmanship and industry.",
eli/dl/event/MTG-PL-2024-01-15-OTH-10780000,CRE-9-2024-01-15-OTH-10780000,en,2024-01-15,2024-01-15T18:04:13.405+01:00,2024-01-15T18:08:08+01:00,Ozone depleting substances - Fluorinated gases regulation (joint debate - Gas emissions),"Bas Eickhout , rapporteur . Mr President, we are tomorrow going to vote on the revision of the F-Gas Regulation, which indeed I think is a very good example of a regulation that is improving our circumstances for our environment, but at the same time improving European competitiveness and European industry. First of all, I really would like to thank all the shadows for their negotiations and their support, and of course also the Council and the Commission for all their work in achieving this compromise. The F-Gas Regulation is existing, of course. The current one was already reducing our F-gas emissions and, just reminding, F-gases are very potent greenhouse gases. So, in the number of molecules we don't emit as much CO2, but some of those have an impact on the global warming potential, even up to 24 000. So that means one molecule has 24 000 times more of an impact on global warming than one molecule of CO2. So, this is the low-hanging fruit that we need to achieve. Already the existing regulation is reducing the use and the emissions of F-gases – and more or less two thirds of that is being reduced – with this regulation and achieving zero emissions by 2050, it means that all the F-gases will be out of our economy and will be replaced by natural alternatives, and that is a very clear prospect for all the investors from now on. If you are working on heat pumps and conditioning cooling systems, you know where to go to. You need to invest in the natural alternatives, and that is the very clear point to go to. This is also one of the first sectors that is then really achieving zero emissions that we have promised to achieve for the entire economy by 2050. In that sense, I think it's another good example of how this law can work. Of course, there were considerations and concerns about the heat pumps, which of course also demands a fast acceleration. I think, thanks to the negotiations with Council and my colleagues and the Commission, we have had a good compromise that is giving a clear signal also for the market, certainly for the heat pumps for consumers, but at the same time also making sure that this acceleration of expansion of heat pumps can be achieved. Also part of the concern was that if we are moving from F-gases with lower potential, we could be moving to chemicals that fall under the category of PFAs. I think that also gives you another very clear example, that moving to the natural alternatives in some of these applications is very important. Maybe a very last point. This sector is having innovation mainly within Europe. If we are looking at the use of F-gases, it is mainly done by non-European industrial players. It's the European industrial players that are investing in the natural alternatives and are ahead of the game. So this regulation and this revision of the regulation is a support for European innovation, for achieving natural alternatives. And that not only makes this a very good environmental law, but it also makes it a very strong law for European competitiveness. I think that is a very important message to give, that environmental legislation can go hand in hand with good economic regulation. So with that, I would like to thank everyone, and I hope for a good approval tomorrow in the plenary. I'm looking forward to then the implementation by the Commission, to move as fast as possible to achieve net zero emissions by 2050, and in this sector to achieve zero emissions by 2050.",
eli/dl/event/MTG-PL-2024-01-15-OTH-10800000,CRE-9-2024-01-15-OTH-10800000,en,2024-01-15,2024-01-15T18:13:19.116+01:00,2024-01-15T18:14:35+01:00,Ozone depleting substances - Fluorinated gases regulation (joint debate - Gas emissions),"Ivan Štefanec , rapporteur for the opinion of the Committee on Industry, Research and Energy . Mr President, dear colleagues, the deal reached on the new F-Gas Regulation sets us on the path towards the ambitious goal of reducing emissions by the equivalent of 40 million tonnes CO2 in the next six years, and achieving a full phase-out by 2050. Standing here on behalf of Sara Skyttedal, rapporteur for the ITRE opinion, I have to say that this path is not only ambitious, but also realistic. Thanks to the balanced phase-down in the first decade, in a way that will not jeopardise neither the repair of existing equipment nor the REPowerEU goals of a much-needed heat-pump deployment. The groups to the left in this House tend to view climate legislation in an astonishingly naive and short-sighted way, where the highest bidder has the most climate-friendly policy. I'm really happy that the new F-Gas Regulation instead follows the long-term balanced prescription of the centre-right: a climate policy that sets ambitious targets, but also delivers on them on account of securing the competitiveness of European industry. I'd like to thank Sara for her great work.",
eli/dl/event/MTG-PL-2024-01-15-OTH-10820000,CRE-9-2024-01-15-OTH-10820000,de,2024-01-15,2024-01-15T18:16:49.366+01:00,2024-01-15T18:19:18+01:00,Ozone depleting substances - Fluorinated gases regulation (joint debate - Gas emissions),"Günther Sidl , on behalf of the S&D -Group . Dear Mr President, dear Commissioner, ladies and gentlemen, F-gases are used in a variety of everyday products such as refrigerators, air conditioners, heat pumps, asthma sprays, fire extinguishers, to name a few. Refrigerants also play an important role in the construction industry or in switchgear systems of our power supply systems. These synthetic refrigerants, the so-called F-gases, have an alarmingly high global warming potential, which is up to 25,000 times more harmful to the climate than CO2. Therefore, these substances must be drastically reduced and replaced with natural refrigerants if we are to seriously combat climate change. The Ozone Ordinance is also closely linked to the F-gas dossier. Especially in the case of ozone, we have seen in the past that excellent results can be achieved with clear, binding regulations. With the successful conclusion of the interinstitutional negotiations, we are strengthening the Green Deal. In my role as shadow rapporteur on the revision of the F-gas Regulation, I am therefore pleased to report today that we have successfully tackled this important paradigm shift. A big thank you to all colleagues for the really good and constructive cooperation, especially to the rapporteur Bas Eickhout. Both production and consumption are gradually reduced according to a strict schedule with decreasing quota allocations. As far as quota allocation for consumption is concerned, it will even be phased out completely by 2050. The text before the vote is an important contribution to climate protection and to achieving the goals of the Paris Agreement. In addition, the revised regulation strengthens the leading role of European companies in global markets for climate-friendly technologies and makes us independent of F-gases produced mainly in the US and Asia. We are strengthening Europe as an industrial location and securing tomorrow's jobs today. According to calculations, around 80% of F-gas emissions in 2050 would come from stationary and mobile refrigeration and air conditioning systems. These emissions are avoidable as they can and will be replaced by climate-friendly natural refrigerants. The stricter regulation of the F-gas regulation and the ozone regulation, which is also in consultation, will save a total of 500 million tonnes of CO2 by 2050. A really great success!",
eli/dl/event/MTG-PL-2024-01-15-OTH-10850000,CRE-9-2024-01-15-OTH-10850000,sv,2024-01-15,2024-01-15T18:23:48.774+01:00,2024-01-15T18:25:31+01:00,Ozone depleting substances - Fluorinated gases regulation (joint debate - Gas emissions),"Johan Nissinen , for ECR Group . Mr President, thank you very much. The latest area in which the EU wants to introduce new standards is in refrigerators, air conditioners and heat pumps, including a ban on F-gases. But what will actually happen if 3,000 models of heat pumps currently on the market are suddenly replaced with models without F-gases? 1.3 million Swedish households currently have a heat pump. How many of these households will be forced to switch to a new heat pump in the near future? The pumps will not only be more expensive, but there will also be fewer units on the market. Many consumers will find themselves in the following situation: You want to buy a new heat pump for the winter. Be the last one in line because there won't be any until next summer. Yes, it is good to promote innovation, but bans that ignore technical feasibility and the consumer's ability to pay are harmful. What the EU calls ambition, ambition and innovation is, in fact, a major blow to its citizens. Many people have chosen heat pumps precisely because they produce heat in a very cheap and efficient way without having dirty and toxic emissions. The EU should therefore promote the use of more heat pumps instead of making it more difficult.",
eli/dl/event/MTG-PL-2024-01-15-OTH-10860000,CRE-9-2024-01-15-OTH-10860000,it,2024-01-15,2024-01-15T18:25:39.96+01:00,2024-01-15T18:27:49+01:00,Ozone depleting substances - Fluorinated gases regulation (joint debate - Gas emissions),"Danilo Oscar Lancini , on behalf of the Group ID . Mr President, ladies and gentlemen, the trilogue was long but in the end reason prevailed over too ideological positions. No one denies attention to environmental protection, nor do we criticize research into alternative technologies, indeed: the doubts still present stem from many comparisons with the players in the F-Gas sector. I repeat: Reducing greenhouse gases and seeking more sustainable and natural solutions in the refrigeration and heat pump industry is our vision. The problem is the fundamentalism of some of the very souls of this Parliament. How can you ask to eliminate F-gases by switching to more dangerous technologies such as flammable gases? Why do some want to impose bans and deadlines too close if there are no technological solutions available? Fortunately, the Council has rebalanced its initial forecasts. It will be crucial to assess in the next mandate whether this legislation will live up to the expectations of operators, actors and the environment. Two considerations. First, we are at the forefront of refrigeration in the European Union; Do we want hasty ideological choices to affect a sector of excellence? Do we not think that companies and workers need stable, clear regulations that defend the environment without neglecting to defend their business? The second: Let's widen our eyes. Do you really think that with such strict regulations and unrelated to the technological context we will be competitive in the international scenario? There are already enough aggressive business practices around us; How can we support the production and research of our companies if we do not create the right conditions? I'll conclude. There are only a few months left to the European elections, citizens are increasingly asking us to use reason and weight in choices, especially in those that touch everyday life. We therefore replace the various ideologies with a pragmatic approach that protects companies, workers and our productions.",
eli/dl/event/MTG-PL-2024-01-15-OTH-10920000,CRE-9-2024-01-15-OTH-10920000,da,2024-01-15,2024-01-15T18:37:13.416+01:00,2024-01-15T18:38:43+01:00,Ozone depleting substances - Fluorinated gases regulation (joint debate - Gas emissions),"Nikolaj Villumsen ( The Left ). Mr President! Negotiations on the climate-damaging F-gases were certainly not easy, but they were worth it. Despite opposition from several EU countries, we managed to make a good deal. We shall now vote on that agreement and I invite you to vote in favour. Because with the agreement, we are taking concrete climate action by cutting the use of F-gas. Now we are acting responsibly. By setting a date for when it should be stopped altogether, we act with foresight. By taking concrete action, we benefit the climate. With the agreement, we limit the EU's climate impact by as much as 2.5%. 2.5% may not sound like much, but it is more than several EU countries derive. This is more than the emissions of the entire EU aviation sector. With this agreement, we are taking an important step forward in the fight against climate change. Vote for the climate. Vote for the deal.",
eli/dl/event/MTG-PL-2024-01-15-OTH-11020000,CRE-9-2024-01-15-OTH-11020000,en,2024-01-15,2024-01-15T18:49:58.973+01:00,2024-01-15T18:51:48+01:00,Ozone depleting substances - Fluorinated gases regulation (joint debate - Gas emissions),"Nicolas Schmit , Member of the Commission . – Mr President, thank you very much for this very constructive debate. Indeed, the compromises we discussed today together could bring about a total additional reduction in the EU's greenhouse gas emissions of roughly 500 million tonnes by 2050. This is a significant number, almost as high as the total annual greenhouse gas emissions of France and Belgium together. It is fundamental that we remain united in the fight against climate change, and that we do not close our eyes to the realities we see every time all over the world, including also in Europe – and also do not close our eyes to science. These rules will be the most ambitious in the world. This will allow others that start to reduce their consumption of F-gases to put in place ambitious policy. Important is the signal we put in place aimed at phasing out the use of these gases. With such legislation in place, we will be in an excellent position to advocate more ambitious measures on F-gases, on ODS under the Montreal Protocol. With your vote tomorrow, you can ensure that we can continue this success story of European environmental policy, a prime example of ambitious climate measures combined with the promotion of green technologies made in Europe.",
eli/dl/event/MTG-PL-2024-01-15-OTH-11070000,CRE-9-2024-01-15-OTH-11070000,slk,2024-01-15,2024-01-15T18:56:21.603+01:00,2024-01-15T18:56:53+01:00,Amendments to the Markets in Financial Instruments Directive (MiFID II) - Amendments to the Markets in Financial Instruments Regulation (MiFIR) (joint debate - Markets in financial instruments regulations),"Predsedajúci . – The next item is the joint debate on: – on the report by Danuta Maria Hübner, on behalf of the Committee on Economic and Monetary Affairs, on Markets in Financial Instruments Regulations: Amendments to the Markets in Financial Instruments Directive (MiFID II) (COM(2021)0726 – C9-0438/2021 – 2021/0384(COD)) (A9-0039/2023), and – on the report by Danuta Maria Hübner, on behalf of the Committee on Economic and Monetary Affairs, on amendments to the Markets in Financial Instruments Regulation (MiFIR): Report on the proposal for a regulation of the European Parliament and of the Council amending Regulation (EU) No 600/2014 as regards enhancing market data transparency, removing obstacles to the emergence of a consolidated tape, optimising trading obligations and prohibiting receiving payments for forwarding client orders (COM(2021)0727 – C9-0440/2021 – 2021/0385(COD)) (A9-0040/2023)",
eli/dl/event/MTG-PL-2024-01-15-OTH-11080000,CRE-9-2024-01-15-OTH-11080000,en,2024-01-15,2024-01-15T18:56:53.198+01:00,2024-01-15T19:01:37+01:00,Amendments to the Markets in Financial Instruments Directive (MiFID II) - Amendments to the Markets in Financial Instruments Regulation (MiFIR) (joint debate - Markets in financial instruments regulations),"Danuta Maria Hübner , rapporteur . Mr President, I was running the last kilometre but I hope I will be able to do it, so thank you very much for this opportunity to remind us about the MiFIR and MiFID. Tomorrow we will vote to endorse the interinstitutional agreement on the review of the Regulation and Directive on the Markets in Financial Infrastructure. The changes to both MiFIR and MiFID modify the rulebook governing participation in European capital markets, which play a fundamental role in channelling capital to the real economy. We need to ensure that our economy grows strong and remains competitive as there are long term challenges around. Europe requires more than EUR 500 billion of additional investment funding annually to ensure its sustainable competitiveness and resilience. This is not a mere financial challenge. It is a strategic imperative. Yet we remain dependent on bank-based financing while our capital markets are lagging behind. They are fragmented, which contributes to the inefficient allocation of capital. The once vibrant landscape of initial public offerings – IPOs – now stands at less than half the size of the US new listings. The US stock market's value relative to GDP is nearly twice that of the EU. Many in this House will remember that we embarked on building the Capital Markets Union back in 2015, but the project was tailored to the EU of 28 Member States with a major financial centre across the channel, and the focus was on national capital markets rather than on the removal of cross-border barriers. We need urgently to move away from fragmented capital markets and towards the idea of a capital market union. Advancing towards a truly single and vibrant capital market union is of fundamental importance for European open strategic autonomy. This context to the MiFIR and MiFID review, which had four key objectives: to reduce market fragmentation and market data costs; to harmonise and simplify the transparency rules; to enhance the levels of investor protection; and to increase the attractiveness and competitiveness of EU markets. I can proudly say that the text that we will vote on tomorrow achieves all these objectives. Thanks to the assertiveness of our House, for the first time, Europe will have a consolidated tape, a database designed to democratise access to market data and improve data quality by providing a continuous electronic live data stream on prices and trading volumes, consolidating the information obtained from multiple trading venues across the EU. It will reduce the fragmentation and cost of market data, will empower financial institutions and retail investors to observe in a single place the price and volumes for shares, ETFs, bonds or derivatives in the Union. The discussions on the consolidated tape were the most difficult part of the package, due to divergent views on the exact features that this new market infrastructure should have. In the review, we have also taken a careful look at the functioning of the market transparency rules in the Union, as well as in other jurisdictions. We put forward changes that seek to increase the competitiveness of EU firms, supported by the simplification and harmonisation of the transparency rules applicable across Europe. We have introduced greater flexibility in the framework by empowering the European Securities and Market Authority to set the thresholds and limits applicable to market transparency, and to oversee market developments, intervening when required. The harmonisation and simplification of transparency rules should strengthen the level playing field between all market participants and increase the overall transparency of European market structure. The report also mandates the Commission to carry out a holistic assessment of the financial markets legislation with respect to commodity derivatives, in light of the learnings from the energy crisis. To conclude, thanks to the efforts of the negotiating team, to whom I am really grateful for the openness, the final text contains many of the elements that the Parliament was calling for throughout the negotiations, and I believe that the final compromise represents a great victory not only for the Parliament, but for all those who care about the importance of the European Capital Markets Union.",
eli/dl/event/MTG-PL-2024-01-15-OTH-11150000,CRE-9-2024-01-15-OTH-11150000,slk,2024-01-15,2024-01-15T19:13:46.104+01:00,2024-01-15T19:15:49+01:00,Amendments to the Markets in Financial Instruments Directive (MiFID II) - Amendments to the Markets in Financial Instruments Regulation (MiFIR) (joint debate - Markets in financial instruments regulations),"Eugen Jurzyca , for the group ECR . Madam President, I welcome the increased transparency and availability of price data on capital markets brought about by this proposal. Increasing transparency is important to increase the credibility of trading on capital markets for all categories of investors. This will lead to increased competition and thus easier access to finance from capital markets. Higher investment costs for retail investors compared to other countries are also a major problem that persists in capital markets in the European Union. One of the reasons for these differences is the regulatory costs themselves. According to several studies, MiFID II legislation has led to a reduction in the supply of investment products and services, a reduction in the profitability of investment firms due to high regulatory costs and, ultimately, more barriers to entry as well as mergers and acquisitions for small investment firms in the region. Too many obligations and bureaucratic procedures can be a barrier for both consumers and businesses at the same time. Our aim should be to increase overall well-being and not to increase the number of consumer rights at all costs, whether or not they ultimately prove useful. It would therefore be appropriate for the Commission to also analyse regulatory costs and their impact on prices.",
eli/dl/event/MTG-PL-2024-01-15-OTH-11170000,CRE-9-2024-01-15-OTH-11170000,hun,2024-01-15,2024-01-15T19:17:52.547+01:00,2024-01-15T19:19:18+01:00,Amendments to the Markets in Financial Instruments Directive (MiFID II) - Amendments to the Markets in Financial Instruments Regulation (MiFIR) (joint debate - Markets in financial instruments regulations),"Enikő Győri ( NI ). Dear Madam President, It is refreshing to finally speak out on a topic where we stand on the ground of common sense. The revision of the Markets in Financial Instruments legislation will strengthen the position of investors and facilitate access to capital markets for businesses. Firms are largely financed through bank lending in Europe, capital markets are weaker than in America, and this represents a competitive disadvantage. At the same time, investments in the digital and green transitions require huge amounts of money, for which private capital is essential. The current proposal helps with this. During the negotiations, it was crucial that easier access to stock exchange information did not jeopardise the functioning of smaller stock exchanges. The Commission's initial proposal inexplicably favoured large service providers, even those owned outside Europe, and jeopardised the existence of small independent European exchanges. Fortunately, the Council and Parliament have adjusted this. Thank you to the rapporter. Thus, a win-win solution was found. Transparency is also improved by prohibiting brokers from receiving money to redirect orders from clients to certain trading platforms. We are therefore taking an important step towards more transparent and accessible capital markets, but there is still ample work to be done to deepen the Capital Markets Union.",
eli/dl/event/MTG-PL-2024-01-15-OTH-11180000,CRE-9-2024-01-15-OTH-11180000,es,2024-01-15,2024-01-15T19:19:23.625+01:00,2024-01-15T19:20:48+01:00,Amendments to the Markets in Financial Instruments Directive (MiFID II) - Amendments to the Markets in Financial Instruments Regulation (MiFIR) (joint debate - Markets in financial instruments regulations),"Jonás Fernández ( S&D ). Madam President, Commissioner, we started this plenary session just a few hours ago, paying tribute to Jacques Delors and among his assets, he is promoting the single market in the European Union. Simply by respecting its legacy, we have to recognise that there are still specific markets in the Union that are still not sufficiently consolidated: One of them is the capital market. I would like to congratulate Danuta Hübner on his work, which has led us today to adopt two regulations to boost this capital markets union, both from a retail point of view - so that savers have more and better information and, in addition, some activities are prohibited, which generated costs and hardly contributed any value - and a legislative proposal that addresses how we should improve this capital market from a wholesale perspective. But, while concluding these agreements, we have to acknowledge the work that still lies ahead of us. The next legislature has to be a key legislature for the Capital Markets Union, because we need much more funding to sustain the green transition, the digital transition and to continue to make efforts to improve this Union, which reminded us today of Jacques Delors.",
eli/dl/event/MTG-PL-2024-01-15-OTH-11210000,CRE-9-2024-01-15-OTH-11210000,en,2024-01-15,2024-01-15T19:23:44.378+01:00,2024-01-15T19:25:05+01:00,Amendments to the Markets in Financial Instruments Directive (MiFID II) - Amendments to the Markets in Financial Instruments Regulation (MiFIR) (joint debate - Markets in financial instruments regulations),"Clare Daly ( The Left ). Madam President, I think in some ways this regulation is a little bit like trying to close the stable door after the horse has bolted. In 2007, the Markets in Financial Instruments Directive introduced competition in the market of equity trading in line with the objectives of the European Union, which made free movement of capital a fundamental freedom protected by the Treaties. Now this is neoliberalism unleashed. What did you actually expect would happen? It was inevitable that speculators were going to gamble on the markets in food and commodities, enabling them to make massive profits while pauperising and starving people in the process. We see the global food price crisis that we’ve witnessed, exacerbated by the war in Ukraine, really exposing the real nature of our society, which puts financial interests before the economic well-being of citizens. And while we may try to curb that power here and introduce transparency, the truth is that casino capitalism is uncontrollable. You can’t keep a tiger as a pet. Financial speculation is parasitic; it’s non-productive. It should be outlawed in totality. Full stop!",
eli/dl/event/MTG-PL-2024-01-15-OTH-11250000,CRE-9-2024-01-15-OTH-11250000,en,2024-01-15,2024-01-15T19:28:04.62+01:00,2024-01-15T19:30:27+01:00,Amendments to the Markets in Financial Instruments Directive (MiFID II) - Amendments to the Markets in Financial Instruments Regulation (MiFIR) (joint debate - Markets in financial instruments regulations),"Danuta Maria Hübner , rapporteur . Madam President, I would like to thank all the colleagues for their remarks, and I would also like to thank all the shadows for their work, which was not easy, if you remember, and for their cooperation throughout the negotiations on this important file, and also for building a compromise which I believe is good for Europe. Let me say again that the MiFID review comes at a critical time for the Union, and the consolidated tape will be a key element of our efforts to ensure that private investment is channelled into the economy efficiently. We also hope we will have an attractive ecosystem for new listings and a more efficient trading landscape. I expect it will boost investment activity, making the Union's markets easier to navigate and more attractive, including for small investors. Tomorrow's vote marks the beginning of the work for the implementation of the regulation. ESMA has already announced that by the end of this year, it will launch the public tender for the first consolidated tape for bonds, which will become operational as of 2025, and the Commission – as Commissioner Nicolas Schmit said – has begun already its work to make the reference data for derivatives more transparent and meaningful. So the work at level two will then continue for the next couple of years. The CMU for quite some time has been a key political project aimed at reducing dependence on bank funding and overcoming national differences, but it was a project that too often lacked the political will and momentum to drive the vision of a robust and integrated capital market union forward. But it was not the case in this review where, thanks to the strong support of all political groups in Parliament and of the Commission, we were able to secure an agreement that is a great success for the Parliament. This House has shown once more that we continue to show the ambition to push towards the creation of a truly single capital market union for the benefit of all European citizens. Given the positive outcome and the strong endorsement at the ECON Committee level, there were only two abstentions. There was no negative vote and nobody was against. I would like to invite all the colleagues to vote in favour of the Interinstitutional Agreement tomorrow.",
eli/dl/event/MTG-PL-2024-01-15-OTH-11470000,CRE-9-2024-01-15-OTH-11470000,en,2024-01-15,2024-01-15T20:10:53.419+01:00,2024-01-15T20:13:20+01:00,Revision of the European Labour Authority mandate (debate),"Agnes Jongerius , on behalf of the S&D Group . Madam President, Commissioner, dear Dennis, when the doorbell rings, do you open the door if you know your house is a little bit of a mess? I must say, I would be hesitant. I think most people would try to stall having guests over or at least try quickly to cover the biggest mess in some kind of cupboard. I think the same is true for Member States: if they know there are cases of labour exploitation, they might not be keen to invite the newest European agency over, the ELA. At the moment, the ELA is only allowed to have inspections when they are invited, thereby limiting their powers, and I think it's essential that the Commission be giving the ELA a bigger mandate after evaluation later this year. But workers need more than that. Because if only all European employers would be holier than the Pope, then we didn't need this agency, but sadly they are not. Some have not only exploitation of European workers on their hands, they also didn't seem to have a problem with exploiting non-European workers. And then, as already mentioned, the example of Grafenhausen, where lorry drivers went on strike at a rest stop for weeks in a row because they have not been paid for months in a row and the ELA was not able to intervene. When an EU-based employer is not paying its workers or is treating them badly, this should be investigated and prosecuted by the ELA, no matter if the workers are Europeans or non-Europeans. The Belgians are keen to get to work with the evaluation, and I understand from the contribution of the Commission that the Commission will join their efforts to finally ensure fair mobility in our Union, and that would be great.",
eli/dl/event/MTG-PL-2024-01-15-OTH-11480000,CRE-9-2024-01-15-OTH-11480000,ron,2024-01-15,2024-01-15T20:13:36.524+01:00,2024-01-15T20:15:15+01:00,Revision of the European Labour Authority mandate (debate),"Dragoş Pîslaru , on behalf of the Group Renew . Madam President, Commissioner Nicolas Schmit, dear colleagues, the question is how to ensure that labour mobility within the European Union is effective, while guaranteeing respect for workers' rights and a healthy competitive environment. The European Labour Authority (ELA) was set up for this very purpose. In an extremely short time, with excellent management, it became functional, taking over its duties. However, it is clear that it has not yet reached its full potential. The question is why? The voluntary nature of cooperation between Member States, limited competences and a rigid legal framework hampered it. ELA should have the power to initiate and conduct investigations on its own, especially when national authorities do nothing or even end up politically protecting governments. ELA is the authority we have to appeal to when the employer does not comply with its contractual rules and we find ourselves with unpaid salaries, and the state institutions do nothing to help. ELA is the authority we use when we are the victim of workplace abuse and we are not being served justice. This is what European citizens expect: is waiting to see how the rules at European level are being met. We need to recognise the impact that ELA can have and provide it with the necessary resources and access, provide a space for collaboration so that ELA can vigilantly follow the cases brought to its attention and act where necessary. A Europe where citizens can enjoy the right to mobility in the labour market.",
eli/dl/event/MTG-PL-2024-01-15-OTH-11550000,CRE-9-2024-01-15-OTH-11550000,nl,2024-01-15,2024-01-15T20:25:57.989+01:00,2024-01-15T20:27:43+01:00,Revision of the European Labour Authority mandate (debate),"Cindy Franssen ( PPE ). Mr President, Commissioner, colleagues, labour mobility is ubiquitous: 10 million EU citizens work in another Member State and the same number of non-EU citizens work in the EU. This offers opportunities, but it should not be a deterrent to abuse and social dumping. Therefore, the European Labour Authority (ELA) was established to facilitate well-functioning labour markets, to support social security systems and to ensure fair competition in the internal market. For example, in 2022, ELA facilitated 37 inspections covering 2700 workers in different sectors, such as transport, construction, distribution, agriculture and meat industry. A total of 1762 infringements were identified, but ELA’s activities are limited by the voluntary nature of cooperation and the participation of Member States. We therefore call for a thorough review and extension of the ELA mandate so that the Authority itself can investigate alleged infringements and organise inspections. That is why we are also calling for more national labour and social security inspections and an increase in the resources for ELA itself. We call for more involvement of the social partners and for more cooperation between Member States and, as many colleagues have already mentioned, to extend the application to non-EU nationals. The extension of the ELA mandate should lead to a more social Europe that guarantees workers' rights and effectively tackles social fraud, abuse and dumping.",
eli/dl/event/MTG-PL-2024-01-15-OTH-11590000,CRE-9-2024-01-15-OTH-11590000,en,2024-01-15,2024-01-15T20:31:59.728+01:00,2024-01-15T20:33:07+01:00,Revision of the European Labour Authority mandate (debate),"Clare Daly ( The Left ). Madam President, I think that the creation of the European Labour Authority (ELA) in 2019, as we know, was intended to ensure that the EU rules on labour mobility and social security coordination would be applied fairly, simply and effectively. And while it’s still a relatively new organisation, I think we can say that that didn’t happen. And in some ways, it can’t really happen fully as long as neoliberalism remains as the dominant economic approach. I mean, you only have to look at sectors of our economy, such as aviation, where we know that the trade unions continue to be absolutely frustrated with the total inaction of the European Commission, which is systematically refusing to assume its responsibility in this area and instead hiding behind national authorities denouncing complex labour market systems involving undeclared work, bogus self-employment, abuse of subcontracting letterbox companies and so on. We need cross-border cooperation. We need a stronger ELA.",
eli/dl/event/MTG-PL-2024-01-15-OTH-11630000,CRE-9-2024-01-15-OTH-11630000,en,2024-01-15,2024-01-15T20:38:57.997+01:00,2024-01-15T20:39:09+01:00,Revision of the European Labour Authority mandate (debate),"President . – Thank you very much, Commissioner. I have received one motion for a resolution to wind up the debate. The debate is closed. The vote will be held on Thursday.",
eli/dl/event/MTG-PL-2024-01-15-OTH-11660000,CRE-9-2024-01-15-OTH-11660000,en,2024-01-15,2024-01-15T20:39:35.765+01:00,2024-01-15T20:44:31+01:00,"The role of social award criteria in public procurement in strengthening social rights, good working conditions and inclusive labour markets (debate)","Dragoş Pîslaru , rapporteur for the opinion of the Committee on Employment and Social Affairs . Madam President, dear Commissioner Nicolas Schmit, the Public Procurement Directive has the potential to promote fair competition and inclusive labour markets, and it should do that. It could also be an essential instrument for increasing collective bargaining coverage in accordance with the Minimum Wage Directive. However, evidence shows that public authorities face legal challenges and uncertainty when trying to apply mandatory social award criteria and sustainable award criteria. The European Parliament Committee of Employment and Social Affairs has analysed rigorously this matter. In 2023, the Employment and Social Affairs Committee commissioned a study – DG IPOL has delivered the study – with the key findings of where we are. What is the status quo? On 25 October last year, we held a public hearing on the social impact of public procurement. Both activities pointed out the same issue: legal challenges and uncertainty. If we are to look at the dimension of public procurement in Europe, the source of wealth, the source that we can actually put together there for improving our markets is enormous – we are talking more than EUR 500 billion. Experts, representatives of local municipal authorities and of the social partners, stressed, in the hearing that we had, that the role of public procurement should be key in strengthening collective bargaining and social progress in the EU, and they pointed out the legal uncertainties of the current EU legislative framework on public procurement. Solutions that have been discussed in the Employment and Social Affairs Committee with our colleagues involved, first of all, revising the Public Procurement Directive so that there is an explicit push by public authorities to have no public contract without a collective agreement, clarifying that the promotion of collective bargaining with binding labour clauses does not violate EU law – and we had a big debate on that – revising the Public Procurement Directive to include mandatory social criteria, such as collective agreements, among others. It is therefore clear that the potential of socially responsible public procurement remains largely unexploited, and that the current voluntary approach is not sufficient, and that further work at EU level is necessary. Therefore, dear Commissioner Schmit, the questions to start this debate are the following. First of all, will the Commission consider revising the Directive to ensure legal certainty; in particular, to ensure that collective agreements and social criteria are not considered a discriminatory measure in public contracts? Second, will the Commission consider revising the Annex 10 of the Public Procurement Directive in order to update the ILO Conventions listed, especially with regard to ILO Convention 94? Furthermore, will the Commission take the necessary measure to ensure that the non-respect for fundamental ILO Conventions 98 and 87 become an exclusion criteria in the context of public procurement? The fourth question is: will the Commission promote joint and several liability in subcontracting chains? Fifth, will the Commission ensure social conditionalities in Union funding related to public procurement? This is very important. We should start negotiating the next multiannual financial framework soon, and we need to look at that. Six, will the Commission ensure that the public procurement plays a role in promoting upskilling and reskilling of workers, especially in the view of the new technologies arising from the green and digital transition? Seven, last but not least, will the Commission strengthen data collection on the volume and the value of socially responsible public procurement, as well as the exchange of knowledge and best practices in the EU? Together with my colleagues in the Employment and Social Affairs Committee, and based both on the research that we’ve done, and the hearing that we had with experts and representatives of local authorities and stakeholders, social partners, we believe that tapping on this important resource, on public procurement and providing social work criteria, is just the right step towards a social Europe, towards the model that we would like to build together. For that we need, again, the cooperation of all the institutions. The Parliament has initiated right now the process of this particular debate, and we are waiting and looking forward for how to push forward for this to happen.",
eli/dl/event/MTG-PL-2024-01-15-OTH-11680000,CRE-9-2024-01-15-OTH-11680000,de,2024-01-15,2024-01-15T20:55:17.18+01:00,2024-01-15T20:57:26+01:00,"The role of social award criteria in public procurement in strengthening social rights, good working conditions and inclusive labour markets (debate)","Dennis Radtke , on behalf of the PPE -Group . Madam Vice-President, Commissioner, ladies and gentlemen! If you look at the European Parliament's toolbox, how we can deal with the European Commission in this way and get things rolling, the oral question is certainly not the big hammer, but perhaps more of a small nail or a tearing purpose. But anyone who has ever set himself up for such a tearing purpose knows that it can also have its effect. And that is why I think it is right that today, on this important question of public procurement, we are putting these tearing purposes here on the chair of the Commissioner. Not because I think he deserves it personally, but because I think it is a failure for the European Commission not to tackle public procurement in this legislature for two reasons: One is, of course, the social aspect, no doubt about it. We have decided to advance the European minimum wage here. And, of course, the question of linkage, collective bargaining and public procurement is an essential element in ensuring more collective bargaining. We are talking about public money. And, of course, it is justified to say – especially in a social market economy: We want to give public money primarily to those who also follow the rules of the social market economy. But the second point why I consider it a major failure is the issue of sustainability. I come from a steel location in the Ruhr area, and we often have the discussion: Why do we have Chinese steel in German motorway bridges and no steel from Duisburg? And the answer is quite simple: Because sustainability issues do not play a role there today. And I think that an institution like the European Commission, which has hung the Green Deal so high, must also ensure that it plays a role in public procurement in the future.",
eli/dl/event/MTG-PL-2024-01-15-OTH-11730000,CRE-9-2024-01-15-OTH-11730000,hun,2024-01-15,2024-01-15T21:04:15.756+01:00,2024-01-15T21:05:47+01:00,"The role of social award criteria in public procurement in strengthening social rights, good working conditions and inclusive labour markets (debate)","Ádám Kósa ( NI ). Dear Mr President, Social inclusion, equal treatment, accessibility and design for all users should be taken into account in accordance with the principle of socially responsible public procurement. The same applies to the principles of universal design under the UNCRPD. In Hungary, the contracting authority may reserve its right to participate in the public procurement procedure or, in the case ordered by the government, must reserve it to sheltered workplaces that employ workers with disabilities, disabilities or disadvantaged persons with a reduced working capacity of 30% or more. As far as I know, other Member States are using similar instruments. I ask the Commission to recommend these examples to the other Member States when presenting good practices, as this is the only way we can move forward on this issue.",
eli/dl/event/MTG-PL-2024-01-15-OTH-11760000,CRE-9-2024-01-15-OTH-11760000,es,2024-01-15,2024-01-15T21:09:57.463+01:00,2024-01-15T21:11:05+01:00,"The role of social award criteria in public procurement in strengthening social rights, good working conditions and inclusive labour markets (debate)","Eugenia Rodríguez Palop ( The Left ). Mr President, ten years after the adoption of the directive on public procurement, we know that almost half of the tendering procedures in the European Union are still resolved exclusively on the basis of price. When sustainability criteria are introduced, their content is limited by the interpretation of free competition and, in addition, since they have to be linked to the subject matter of the contract, general clauses on human rights, workers' rights or women's rights are excluded. Wow, it's easy to boycott the directive through the back door, ignoring that social dumping is also a form of unfair competition. We are talking about an instrument that represents almost 15% of European GDP, so it is high time to assume the need for its reform, Commissioner, and to recognize that, without the imposition of obligations, nothing will change and that many other objectives of that social Europe that is being hailed so haphazardly - such as the coverage rate of collective bargaining, for example - are nothing more than empty slogans if we do not have instruments that make them effective.",
eli/dl/event/MTG-PL-2024-01-15-OTH-11770000,CRE-9-2024-01-15-OTH-11770000,fr,2024-01-15,2024-01-15T21:11:10.808+01:00,2024-01-15T21:12:30+01:00,"The role of social award criteria in public procurement in strengthening social rights, good working conditions and inclusive labour markets (debate)","Marc Tarabella ( NI ). Mr President, I had the immense honour, but also the heavy task, of being in charge of the overhaul of public procurement legislation just ten years ago, since they were voted on 15 January 2014. Our aim at the time was clearly to combat social dumping and unfair competition in works contracts, but also to increase the quality and efficiency of services to citizens, facilitate market access for SMEs, ensure that good working conditions and environmental criteria were respected. After a long political struggle, the text made it clear that the criterion for public procurement was based essentially on quality and no longer systematically on the lowest price. This is essential in the fight against social dumping, but of course also in terms of working conditions, while guaranteeing citizens a job well done. But like you, I have read the conclusions of the European Parliament's recent study on the social impact of public procurement and I am very bitter to note that public authorities still face legal obstacles and uncertainties when trying to apply social and environmental award criteria. This is not tolerable and I urge the European Commission to resolve this situation, which is totally contrary to what the legislator wanted and contrary to the general interest.",
eli/dl/event/MTG-PL-2024-01-15-OTH-11950000,CRE-9-2024-01-15-OTH-11950000,ces,2024-01-15,2024-01-15T21:34:56.331+01:00,2024-01-15T21:36:03+01:00,One-minute speeches on matters of political importance,"Kateřina Konečná ( The Left ). Mr President, let me inform you about the situation at the Liberty Ostrava smelter, which has been out of operation since December. The steel producer directly employs six thousand people and indirectly provides work for tens of thousands. The company is devoured by financial problems caused by the implementation of the nonsensical Green Deal, expensive energy and the competition resulting from the botched sale of the Commission-sanctioned steelworks, which put Liberty Ostrava's direct competitors in the hands of its main and only energy supplier. Years ago, when GFG bought the Ostrava smelter from the ArcelorMittal concern, a number of experts warned that removing the only energy supplier Tameh and leaving it in the hands of the original owner is a very bad idea that will threaten the future of the Czech smelter. Nevertheless, the Commission approved the sale. Today, the worst-case scenarios have been fulfilled and the energy for supplying the Czech steelworks has become the main tool of the competitive struggle of the two competing groups. There was an employee in the middle. And I'm asking: How does the Commission intend to address this situation for which it is responsible?",
eli/dl/event/MTG-PL-2024-01-15-OTH-11960000,CRE-9-2024-01-15-OTH-11960000,de,2024-01-15,2024-01-15T21:36:14.947+01:00,2024-01-15T21:37:36+01:00,One-minute speeches on matters of political importance,"Martin Sonneborn ( NI ). Mr President! Chancellor Scholz cancelled his Sunday tea with corrupt bankers on the weekend, Foreign Minister Baerbock her appointments with make-up artist and speech therapist. Both prefer to take to the streets for the fight against the right. Lol. The traffic light government is the real secret weapon of the AfD: Gas levy, heating law, kerosene tax, farmers’ victims – in Berlin, narrow-minded misunderstanding rules to the detriment of those who can least afford it. Of course, I am in favour of banning the stupid AfD in Germany. For reasons of democracy, however, I call for a simultaneous ban on the Greens, the CDU, the SPD, the CSU and the FDP, in particular on Mrs Strack-Rheinmetall. Of course, the most urgent would be the Europe-wide ban on President von der M. Leyen. With increasingly irrational moves and without regard to democratic procedures or international legal principles, it has driven the European Union into economic, geopolitical and moral-philosophical ruin. We demand their remigration to the old part, and fast. Thank you very much for putting it on.",
eli/dl/event/MTG-PL-2024-01-15-OTH-11970000,CRE-9-2024-01-15-OTH-11970000,el,2024-01-15,2024-01-15T21:37:45.011+01:00,2024-01-15T21:39:00+01:00,One-minute speeches on matters of political importance,"Ελισσάβετ Βόζεμπεργκ-Βρυωνίδη ( PPE ). Mr President, in recent years, and especially after the end of the pandemic restrictions, there has been an alarming increase in child delinquency throughout the European Union, and in my country, Greece, repeated cases of violence involving minors as victims or perpetrators impress negatively. We are not only talking about school blackmail, but also about crimes, even felonies and a plethora of hate crimes. Experts focus on parental or educational deficit, but mainly on the catalytic role of the internet, because children and adolescents are unable to manage a variety of stimuli and in many cases identify with perpetrators. The Union Youth Strategy and the Procedural Safeguards Directive for suspected or accused minors are not enough. It is imperative today, with information campaigns, the promotion of sound standards and the exchange of information and know-how, to have a directly organised European policy to prevent child delinquency. We must effectively control the phenomenon before it reaches uncontrollable proportions.",
eli/dl/event/MTG-PL-2024-01-15-OTH-12010000,CRE-9-2024-01-15-OTH-12010000,sv,2024-01-15,2024-01-15T21:43:21.377+01:00,2024-01-15T21:44:28+01:00,One-minute speeches on matters of political importance,"Johan Nissinen ( ECR ). Mr President, thank you very much. Snus saves lives. Snus and nicotine pouches have made Sweden a world leader when it comes to fighting smoking. This has led to a significant reduction in the number of smokers. Swedes smoke the least throughout the EU: only 5.6% smoke daily compared to the EU average of 23%. Despite its success, the Commission is constantly on the lookout for a ban on snus. The latest is that nicotine pouches, the so-called white snus, will be illegal throughout the EU, which would also apply to Sweden. For the exception that Sweden has for selling snus, the white snus does not apply. At the same time, the EU wants Europe to be smoke-free by 2040, which is purely counterproductive. The only way to properly reduce the number of smokers is to offer another option, such as snus or nicotine products. The EU should learn more from Sweden and pursue a policy that is not so cigarette-friendly.",
eli/dl/event/MTG-PL-2024-01-15-OTH-12090000,CRE-9-2024-01-15-OTH-12090000,fr,2024-01-15,2024-01-15T21:54:17.339+01:00,2024-01-15T21:55:24+01:00,One-minute speeches on matters of political importance,"Marie Dauchy ( ID ). Mr President, on 27 October, a massive rockfall of ten thousand cubic metres took place in the La Praz sector, cutting off all road and rail traffic in Haute Maurienne, as well as the main border crossing point between Italy and France. Since then, many companies using the Alpine railway motorway have been at a standstill and are suffering a loss of up to €100,000 per month. While work is expected to be completed by the end of the year, a large proportion of employees are already unemployed and companies do not yet have any long-term vision. Banks do not follow and no emergency aid is released for these companies. Absolutely nothing is proposed while they are losing everything. Some will go into liquidation in a few weeks if nothing is done. While the works of Lyon-Turin will cost the European Union several billion euros, it is imperative to act without delay to help the professionals of the railway that will no longer exist when the line finally sees the light of day.",
eli/dl/event/MTG-PL-2024-01-15-OTH-12120000,CRE-9-2024-01-15-OTH-12120000,ron,2024-01-15,2024-01-15T21:58:06.688+01:00,2024-01-15T21:59:20+01:00,One-minute speeches on matters of political importance,"Nicolae Ştefănuță ( Verts/ALE ). Mr President, family doctors in Romania are neither respected nor paid. Half of the 10 000 family doctors are over 60 years old, and still waiting for a post to be vacated, over 4 000 family doctors from Romania have gone abroad. And who can condemn them? Family doctors are on the front line, we go to them when we cough, as many of you do in this room, and when we have colds and other things, now, in the middle of winter. Health is more expensive than all of them, but apparently the government says it's expensive for money. They cut the budget, so you have to be lucky to get treated. They've created a practical quota for those who escape and for those who don't. Because with less money you can't treat as many people. I stand in solidarity with family doctors and ask the government to respect them, to pay them. They are when we suffer, including at night, when we call on the phone. Mr. Ciolacu, don't catch a cold, because no one will answer the phone!",
eli/dl/event/MTG-PL-2024-01-15-OTH-12130000,CRE-9-2024-01-15-OTH-12130000,fr,2024-01-15,2024-01-15T21:59:30.301+01:00,2024-01-15T22:00:45+01:00,One-minute speeches on matters of political importance,"Patricia Chagnon ( ID ). Mr President, ""There is nothing more powerful than an idea whose time has come,"" said Victor Hugo. Today, this idea is embodied by the agricultural and popular revolt that is shaking Europe. Already in 2023, in Holland, farmers overthrew the government of your friend Mark Rutte, exposing his betrayal. In Germany, after months of unceasing protests, farmers have pushed back Olaf Scholz, also a spokesman for your sinister agricultural policy. In France, the revolt growls and is organized throughout the national territory. This revolt, born in our countryside, is the reaction to your supposedly green policy which, under the guise of ecology, destroys our agriculture, undermines our sovereignty and threatens the quality of the food on our plates. Farmers, the pillars of our nations, are now at the forefront of defending our vital interests. Their fight is ours. The time for the rural revolution has come and you know it. She's unstoppable. Our support for farmers is total.",
eli/dl/event/MTG-PL-2024-01-15-OTH-12170000,CRE-9-2024-01-15-OTH-12170000,en,2024-01-15,2024-01-15T22:04:43.048+01:00,2024-01-15T22:04:53+01:00,One-minute speeches on matters of political importance,President . – That concludes the item.,
